date,revenue_usd,marketing_index,fx_volatility_index
2022-01-01,2064011.3118097002,0.8038390482757239,0.8771301936622476
2022-01-02,2384251.4381017904,1.0382451573109666,0.8550522633417899
2022-01-03,2528661.4462050684,0.7632109857145116,0.7505226408511798
2022-01-04,2879094.7501331773,0.978473795744874,0.8154483921694184
2022-01-05,3030987.7895210343,0.8471753330154194,0.7951749657685637
2022-01-06,3047952.0780821717,1.0894991548349666,0.9513165882455893
2022-01-07,3127590.6243537385,0.9761250732265748,0.6971456629433221
2022-01-08,2333047.587176669,0.8980499914688546,0.8007033385568528
2022-01-09,2449476.06570025,1.103142046178472,1.0334775519021369
2022-01-10,3455535.4694024706,1.2441594063367258,0.7247766117632835
2022-01-11,3435958.645820226,1.176552895624849,0.8481891176350664
2022-01-12,3318927.9473849,1.236345003470483,0.9038260925299162
2022-01-13,3195812.987130934,1.2785206138524299,0.990815664129892
2022-01-14,3438955.2224730947,1.250050509432905,0.5760314142995853
2022-01-15,2841958.363856599,1.1449796614342147,0.8869190488369115
2022-01-16,2549774.252639648,1.138062676884037,0.8913573859666502
2022-01-17,3498790.4131628904,1.245376464318439,0.9304536083425552
2022-01-18,3119908.3547343127,1.2667735622203136,1.0071127773394823
2022-01-19,3146179.846618586,1.21578119190183,0.9715079711899299
2022-01-20,3358493.219981435,1.20195524249695,0.7906619224162111
2022-01-21,2820467.7137970245,0.8894059834791554,0.9094823337389
2022-01-22,2087025.7094876622,1.0171668645024954,1.0845551502984665
2022-01-23,2537713.8765581585,1.1653923580872845,1.0096405343731727
2022-01-24,2600217.7661247654,1.042898072828156,1.0843628975418658
2022-01-25,3194819.637980981,1.0305143814668756,0.8239865330158131
2022-01-26,3175523.317652203,1.341930565076075,0.8579341517067982
2022-01-27,2927151.0118153407,0.9579166750906287,0.7707084088957072
2022-01-28,3502108.5928304503,1.169676601906389,0.9998513400142109
2022-01-29,2408152.647606135,1.1709193525830257,0.8794650211928964
2022-01-30,2555785.029043704,1.1021502956898086,1.140209405655914
2022-01-31,2648219.8692772132,0.9856218721730722,1.0475340967749789
2022-02-01,3204935.6809769263,1.279153573313194,0.9838149539580018
2022-02-02,2823439.220356079,0.9966739916214673,1.1239304561465358
2022-02-03,2978281.9859683826,1.239336140020612,0.8921157424336116
2022-02-04,3056696.622312866,1.1139825436382407,0.6685261501366091
2022-02-05,2382982.1126519428,1.2316371051985713,1.0312400742150512
2022-02-06,2642858.956256401,0.8829538390798859,1.010357774438257
2022-02-07,3184336.026140713,1.3450723288604556,1.0439977157166933
2022-02-08,3015654.50487843,0.9161851374471032,1.0846776944052827
2022-02-09,2946414.037019983,0.9331098564301512,0.9254948595894339
2022-02-10,3201218.9343201118,1.1805678579905419,0.8292328380420114
2022-02-11,3865656.6970392084,1.3227256262756786,0.9647987674461581
2022-02-12,2476506.269201004,1.0622494344817774,0.9913645337046801
2022-02-13,2646814.770882721,1.3253990574728363,0.7595778404275882
2022-02-14,3629222.80760828,1.3585626292298398,0.8911902490674839
2022-02-15,2997775.2893934445,1.0712593561329478,0.9825025032899269
2022-02-16,3362355.5936808996,1.3902277303907564,0.882351965870459
2022-02-17,3160471.9492691765,1.4671232996915085,0.9773885884443877
2022-02-18,3130251.4159618425,1.2116240897080952,1.1017537968785922
2022-02-19,2124783.917212715,0.9354295675716124,1.1221066289567565
2022-02-20,3009935.1584856017,1.4044228903937728,1.0230055146920833
2022-02-21,3100748.04721086,1.3193620535203199,0.9553570357704206
2022-02-22,3197785.2986948886,1.4001952560738746,0.9264266278544967
2022-02-23,3424090.7109415713,1.3440827128227169,0.9740892631787336
2022-02-24,3594208.283697941,1.2186413340200133,0.7878433858639642
2022-02-25,3256258.491495147,1.1756387135741895,0.977730485603688
2022-02-26,2790087.8103598864,1.5285688862381235,0.8608365051479545
2022-02-27,2781492.1213304186,1.3543727872446791,0.8642308554837486
2022-02-28,3486402.866023225,1.1350668428944826,0.8334775625973261
2022-03-01,3338460.532102847,1.1886882091609023,0.9000902788513827
2022-03-02,3084978.278702269,1.3060114716509112,1.0137274118392248
2022-03-03,2893456.5006274697,1.043153864333741,0.8058337678581114
2022-03-04,2697962.0797779066,1.085012966285561,1.1568689705804653
2022-03-05,3016523.0574365975,1.2639450305598825,0.8783210960742093
2022-03-06,2711627.4669759003,1.3650353996847646,0.9956973801662462
2022-03-07,2641562.2365142237,1.1063647062325996,1.1778309389395945
2022-03-08,3409205.202639352,1.3422963975961884,0.9035595830997342
2022-03-09,3211945.928859239,1.3090101509082268,1.019918510708525
2022-03-10,3274049.185446305,1.451706330566978,0.8554677354698826
2022-03-11,3263938.38385747,1.039711877031731,0.8909735089417307
2022-03-12,2260545.033262888,1.1109808288212708,0.9089934882610554
2022-03-13,2971147.3148429184,1.381524289281265,1.0216266002655214
2022-03-14,3652277.958203102,1.4987124704782888,0.8500153626627681
2022-03-15,2352169.5047080126,1.0465904251425178,0.9236712656285017
2022-03-16,3089821.536533771,1.367847849266621,0.9477404146949352
2022-03-17,3863821.9442051724,1.4256165074362084,0.7973812622997278
2022-03-18,3015643.35195046,1.068530793967339,0.8676531586347893
2022-03-19,2489923.640338146,1.204956050247601,0.7532490991810978
2022-03-20,2447351.7129838327,1.159279057394296,0.998661441402168
2022-03-21,3151892.5255911513,1.4031023264809797,0.9651289948592015
2022-03-22,3340143.327518074,1.283372646526181,0.8378223774188183
2022-03-23,2822029.3368894,1.3784757976787685,0.9190260519944891
2022-03-24,3524486.8838461963,1.3509689478431544,0.6698784115879229
2022-03-25,2901285.992776723,1.1790454705769142,0.9848788588810182
2022-03-26,2989680.956292136,1.4640588576939844,0.849845109258435
2022-03-27,2604225.1748368554,1.1658777186269242,0.7775548813634862
2022-03-28,3177665.9072871557,1.027453649112673,0.8479458253041126
2022-03-29,3173260.8052239697,1.287576452313405,0.6554349081549229
2022-03-30,3172809.045871095,1.2957093286063637,0.9847833270624828
2022-03-31,2853045.0698225843,1.192229710692758,0.8553159853612189
2022-04-01,3899825.2320401706,1.5334030774981402,0.9031029429202234
2022-04-02,2656101.7815883057,1.6280502831099946,0.8116063543434351
2022-04-03,2709625.6127045243,1.344049508919558,0.8058552801361094
2022-04-04,3211473.3141105403,1.4293256561905359,0.8171861886499941
2022-04-05,3133874.205940015,1.1078960382775043,0.803742013301084
2022-04-06,2634797.8851778097,1.0252482496964737,0.8547556485627475
2022-04-07,2703002.41998053,1.1602544005883344,0.9716118520345186
2022-04-08,3164773.5260777995,1.2429908311178757,0.685269807890788
2022-04-09,2763852.020983494,1.4026975385518838,0.7175609916414326
2022-04-10,2758057.265423165,1.4008695998458518,0.8202626396999902
2022-04-11,3377641.6265112963,1.478270551010873,0.7107179896021214
2022-04-12,3331009.4728156896,1.293461362607434,0.7221707766381212
2022-04-13,3560128.4887157846,1.495310005301143,0.8249875865239851
2022-04-14,3262461.346249354,1.3213642765125544,0.6700720952648418
2022-04-15,3357143.0962023833,1.3188243444044243,0.8043022461446335
2022-04-16,2759187.9361635246,1.3999853134174736,0.7316964474793567
2022-04-17,3105445.5814095405,1.631274197342673,0.8261331327350031
2022-04-18,2902098.5066560786,1.219121999939733,0.8448836419169093
2022-04-19,3537885.6673982525,1.4268440044156938,0.5937847019958175
2022-04-20,3285539.9477966996,1.404969286164799,0.6659207783172653
2022-04-21,3181503.571180138,1.323425224332852,0.5645384542505858
2022-04-22,3327977.8192298575,1.5792177996261687,0.6617825917638116
2022-04-23,2174299.504708679,1.044434226231512,0.7006561205372539
2022-04-24,2705558.8989068917,1.3296905249747675,0.5174215055441306
2022-04-25,2943022.128766185,1.2701711561082383,0.698840452388243
2022-04-26,2935126.434130783,1.1346333204312269,0.6174005742228511
2022-04-27,2988519.414869571,1.4701608237708128,0.7594120103343096
2022-04-28,2936645.193895326,1.1433192477363878,0.6187400699021965
2022-04-29,2933469.0325049884,1.336909345575486,0.6533649158987695
2022-04-30,2736644.837218352,1.3409366365390842,0.6832027740177918
2022-05-01,2193544.0908881426,1.3260152437384474,0.7581039151571142
2022-05-02,2410337.8251342447,1.2785539825569125,0.6454508271654001
2022-05-03,2869294.04544169,1.4121310647364007,0.4152254098054139
2022-05-04,2623432.883579648,0.9242835362952146,0.6076124514438912
2022-05-05,3146326.3827792876,1.3892409731625837,0.5782222484116115
2022-05-06,2683899.391992838,1.2922345329296372,0.7519349097835453
2022-05-07,2382859.470905796,1.3441529662338672,0.5595732752413617
2022-05-08,2476487.9570556143,1.1361675846001182,0.5542982375652814
2022-05-09,2847498.953530426,0.934133130618698,0.6183870283885847
2022-05-10,2920827.1107799504,1.2199574548263632,0.5944865846861876
2022-05-11,2909928.8792315875,1.3407398959580707,0.630473568199614
2022-05-12,3073848.4673039773,1.3841109547988455,0.5674459836955199
2022-05-13,2385047.9333166387,1.0424720056968513,0.42722406358586795
2022-05-14,2371862.827427105,1.1496698950544402,0.566846539205521
2022-05-15,1793188.853592158,1.127396156691121,0.6986824880630635
2022-05-16,2529796.741295503,0.8282618866296925,0.5028000364000741
2022-05-17,2619991.356156245,1.081720827748204,0.5592987548541961
2022-05-18,2883196.5826141536,1.485316074910883,0.4767373176649843
2022-05-19,2722450.9808964063,1.2500672757111835,0.5593116661820965
2022-05-20,2512177.1463185856,0.9818202146418045,0.5075848291083755
2022-05-21,2438221.3754631113,1.357862745979318,0.5973929013080805
2022-05-22,2213350.804863342,1.5576581058113854,0.6761874364972053
2022-05-23,3054872.948889101,1.6954223547185807,0.4876280293259363
2022-05-24,2414011.849796891,1.286258796054411,0.7218067377497829
2022-05-25,3076987.845795495,1.2472861861303792,0.5755153704463708
2022-05-26,2502884.627214229,0.9861435654366253,0.659584887615368
2022-05-27,2443007.554218174,1.1697695419604917,0.7371564912748102
2022-05-28,2026392.9339058602,0.9868485969874656,0.5182358954060896
2022-05-29,2345006.253411607,1.4156711319122377,0.707603377869358
2022-05-30,2624173.6080406136,1.0253716524026266,0.6107917265496611
2022-05-31,2692503.690199188,1.3655091027158748,0.40616013625262537
2022-06-01,2323932.0981649254,1.2496033462233809,0.5833375016161501
2022-06-02,2473085.7078593927,1.2497035521736897,0.758337107054406
2022-06-03,2710056.5577826756,1.1666830119782834,0.7647891627272672
2022-06-04,1863039.1124668303,1.0198292248300493,0.607376115010112
2022-06-05,1948250.244850981,1.2422939246739182,0.7342515501578544
2022-06-06,2176998.2439236795,1.2495260766102927,0.7291414532150465
2022-06-07,2368950.4828670816,1.3318143015037092,0.6039808077020339
2022-06-08,2264514.006069101,1.1043201268384748,0.5157285458821586
2022-06-09,2125493.1551518403,0.976597495511726,0.6400988318371085
2022-06-10,2644707.45980031,1.2434021202133838,0.6340102028026261
2022-06-11,2126191.2910222006,0.9940426993703994,0.5709017460110359
2022-06-12,1910726.1993792097,1.154269053124848,0.782411774789174
2022-06-13,2164055.444389171,0.9474107273577811,0.7008414412827524
2022-06-14,2174760.0686615417,1.230534757517385,0.7864055498852147
2022-06-15,2367243.77163943,1.0983394012233094,0.6881688906457092
2022-06-16,2292215.3373887814,1.0308844533206842,0.5572645904709219
2022-06-17,2526553.867496633,1.325033895245448,0.7466474315934676
2022-06-18,1777076.5592409105,0.8176947712883693,0.8577528651654375
2022-06-19,1519499.6379722187,1.0097676995840634,0.9565381535254129
2022-06-20,2110971.1488505933,1.0160527345540424,0.74868208580809
2022-06-21,2086598.2941730344,1.1299486261816163,0.7111734001638368
2022-06-22,2479948.8635209096,1.0822967326105535,0.7666846922636167
2022-06-23,2127054.142925325,1.1140711945908108,0.8492107680787703
2022-06-24,2019139.1118362856,0.954232104640241,0.7866662400504855
2022-06-25,1871981.441056013,0.9735924757172578,0.8389078996317831
2022-06-26,2009059.5435801805,0.9181567391295131,0.7375280282145679
2022-06-27,1755584.899213274,0.8794715019325862,0.8084464174251137
2022-06-28,1938346.7318110673,0.5731945093890507,0.6858006715630338
2022-06-29,2329478.735358741,1.2202185063814666,0.9667455488170145
2022-06-30,2444408.1291640135,1.160194002615215,0.8289703470018265
2022-07-01,2000401.7659840907,0.7065063049287229,0.8443546105569656
2022-07-02,1842507.5716092973,0.9006621913389243,0.7395713457016493
2022-07-03,1768362.7288704547,1.2119773806369583,0.9555710759457562
2022-07-04,2172900.5661530844,0.9874256780893205,0.7008744737734081
2022-07-05,1995576.5436713798,1.014935134757252,0.7153784144285801
2022-07-06,1961646.2240587843,1.020196781057267,0.7752670567440046
2022-07-07,2352743.9196692063,1.25947873042553,0.9411696777230797
2022-07-08,1970661.521027024,0.7894722709420892,0.8915857787591064
2022-07-09,1343308.3139081737,0.9302476332067611,0.8918015507095854
2022-07-10,1660709.9834252566,0.7947883959080315,0.8299815981597252
2022-07-11,1856060.1794978692,0.8226844754945323,1.0051652036782557
2022-07-12,2066658.205895562,0.9705422457654661,0.9607007495661727
2022-07-13,2165134.1065082927,1.141542348990365,0.858339927011551
2022-07-14,1881096.9471592996,0.8174895835681543,0.9444448827761346
2022-07-15,1893933.503411902,0.8332096659985322,1.0053959181020116
2022-07-16,1445465.5678860531,0.7562764178586029,0.8473660910786531
2022-07-17,1622840.42794434,1.0664523924510083,0.9166923965188803
2022-07-18,2004165.8080987916,1.1366891916683877,0.9827250554057241
2022-07-19,2222860.587849726,1.043548674423501,0.8950777630738267
2022-07-20,2047804.4286312559,0.8110381147664961,0.8972006089939154
2022-07-21,1459823.51944473,0.6063945648147511,1.1513365717408108
2022-07-22,2128488.825711545,1.135705873167084,1.0470459649468429
2022-07-23,1611231.4823764109,1.097622912177449,0.8698675264100807
2022-07-24,1462614.7311348408,0.7804732250579457,0.9363876613615646
2022-07-25,1901606.989148682,0.904202864958957,1.0156963501460041
2022-07-26,1710298.0322722245,0.9157482754877857,1.0279358627287005
2022-07-27,2077325.8668123218,0.843160918204347,1.0630589686474
2022-07-28,1903039.4270633517,0.9518568559981581,1.1646758703160107
2022-07-29,2333514.280011445,0.88511305075251,0.7827087650626534
2022-07-30,1505124.2146016401,0.8344843853813609,0.978381971604387
2022-07-31,1526597.0012380208,0.6516293129982152,0.8138707010255192
2022-08-01,2125262.247046961,0.8893607701587752,1.022950582703931
2022-08-02,1855124.8056356243,0.7094429527712818,0.8192519384532161
2022-08-03,1812189.6918648765,0.6380971670322448,1.0711800578343498
2022-08-04,1957489.1800552348,0.8051012627514643,0.9377178365493384
2022-08-05,1772688.1001945557,0.6649762933935645,0.9279579296017841
2022-08-06,1496406.2490494007,0.9263841544898219,1.0603956717792073
2022-08-07,1542070.9708589897,0.7099665930341624,0.6624310818156129
2022-08-08,1639595.0048294254,0.7864167581812299,1.0587529694061182
2022-08-09,1764350.1358055403,0.5607395760629323,1.0741893678710976
2022-08-10,2100811.9647822944,0.5842358920094388,0.9092097510860103
2022-08-11,1888918.1709331744,0.7886639936994281,0.9362592800377265
2022-08-12,2008397.0789010753,0.9964550208465053,1.1256224169841034
2022-08-13,1483554.2854253834,0.8041546306219752,1.0279307380132736
2022-08-14,1322211.3648129199,0.5899588360823854,0.9567129521410561
2022-08-15,1692314.6611184073,0.7017194326025745,1.0357334495314432
2022-08-16,1939122.0340594747,0.8009975118588656,0.8875452339914993
2022-08-17,1983551.9663261755,0.8293181023750945,0.8405961048673143
2022-08-18,1936421.6507943452,0.8836231874373818,0.9842062166110246
2022-08-19,1902981.026556899,0.4336348445107693,0.9562949024934134
2022-08-20,1445999.702636788,0.5964275033687556,0.9571159557603925
2022-08-21,1536100.5077351655,0.8499154028791857,1.11075543751833
2022-08-22,2099371.139455922,0.9430642715665982,0.8456906815081244
2022-08-23,1893557.6986291797,0.7606198479262781,1.1685125211302503
2022-08-24,2093903.1348709827,0.9726990432910798,1.0777457616860102
2022-08-25,1758041.816562822,0.8945261905209902,1.096681638649404
2022-08-26,2223676.7557254257,0.756337205543986,0.8241457115372639
2022-08-27,1548834.054504119,0.7355307756430605,0.9137068247073112
2022-08-28,1899815.7116676948,1.0258865579276453,1.0379294192440733
2022-08-29,1905409.7743634463,0.7459750766509994,1.0199747320670103
2022-08-30,2115762.352332918,0.7933802056867338,1.0907678843315542
2022-08-31,1799497.6616546332,0.7011870658983155,0.9109557340650257
2022-09-01,2130140.1520240847,0.6423204125956279,0.8661256567166732
2022-09-02,1437651.7280625452,0.3013108021258886,0.9825327674244722
2022-09-03,1697997.2592005252,0.6447997062374313,0.8338598846613359
2022-09-04,1661650.4671271518,0.7521957182726299,1.0162431908066745
2022-09-05,2143933.0061641675,0.9150727265400234,0.8270045889281535
2022-09-06,1985513.3189211327,0.7088845585741304,0.8742180764303071
2022-09-07,1908924.4453203045,0.5625642478735469,0.973866868196636
2022-09-08,2159700.3262970545,0.6502189033158432,0.8650351563296864
2022-09-09,2509487.4026570376,0.800946634551865,0.7950801960972632
2022-09-10,2005516.4990207534,0.8371802937661468,0.866155786434132
2022-09-11,1547002.5847438623,0.7925374812925918,1.107076991848405
2022-09-12,1721008.3339953676,0.4582068509610856,0.9960101138431143
2022-09-13,2549359.7986740205,0.9993750046250419,1.03862342434829
2022-09-14,2290513.991296689,0.7227029147899384,0.712809603712146
2022-09-15,2191129.573686056,0.7430339486238675,0.885912590584258
2022-09-16,1933293.4846029687,0.5886812867344111,0.9049606561492295
2022-09-17,1788300.0195605585,0.7019769556906909,0.7464268411540853
2022-09-18,2116243.3377600983,0.7859529855680584,0.8466267674222845
2022-09-19,2095763.7917766613,0.5557105128964522,0.7776062996317279
2022-09-20,2194067.6634912174,0.8209567950124765,0.9404876427197209
2022-09-21,2111705.8792092307,0.6036888777898224,0.8549467601334779
2022-09-22,2490527.310904011,0.9634547498203607,0.8305065954150613
2022-09-23,2216076.379050025,0.8023798473228267,0.9341935722450954
2022-09-24,2060336.847039073,0.8974639159960853,0.6378176457104736
2022-09-25,2078825.0545222382,0.8219534521818891,0.9037409334387179
2022-09-26,2513655.171694306,0.744335191138338,0.7726863904207465
2022-09-27,2635973.238339657,0.8392755292466847,0.9975284527699585
2022-09-28,2509062.5406150445,0.7948800592153175,0.8509091955129096
2022-09-29,2324836.257775821,0.8085104542980791,0.7641593454109562
2022-09-30,2268557.564457863,0.6340052260535979,0.7722000944897912
2022-10-01,1808009.2367880237,0.508787493362964,0.9523361710357418
2022-10-02,1808461.089091585,0.5742187066839264,0.8725339086412001
2022-10-03,2483240.379945971,0.9580794213814807,0.7431376237532181
2022-10-04,2228646.4807581217,0.7656872863582816,0.8686731226912661
2022-10-05,2697017.937248466,0.8510292570904918,0.8908422202493149
2022-10-06,2166754.895196768,0.6904709992348366,0.8953657898208427
2022-10-07,2333853.991472558,0.582616815387713,0.7322312040989164
2022-10-08,2427676.5360318497,0.9868732358465307,0.7945883813060048
2022-10-09,2006880.4400445155,0.6333229382025231,0.872185971380622
2022-10-10,2110217.1918735206,0.6578775804201378,0.8764705731846552
2022-10-11,2590365.356224793,0.8527847163365925,0.599771071456152
2022-10-12,2751165.677401949,0.9545248923395802,0.637983901626985
2022-10-13,2778013.958048966,0.9483706836951634,0.7731670753721075
2022-10-14,2742779.6984230103,0.5962295761523743,0.6326594806221553
2022-10-15,1763777.4024558782,0.49395845802093175,0.6487943901643854
2022-10-16,2261556.623241734,0.7481745940103204,0.7466771102794814
2022-10-17,2523395.0198736335,0.5829564796214481,0.5710046686410888
2022-10-18,2583317.491874384,0.5970420186596083,0.7816462933745365
2022-10-19,3000187.3621056476,0.817601127732678,0.7478520084732084
2022-10-20,2804993.188218581,0.6985722640253451,0.6090977329527445
2022-10-21,2404709.619092056,0.6928454058487626,0.6908371047821926
2022-10-22,1832435.2921071271,0.43655344684772285,0.5978314600025483
2022-10-23,1978673.0181553361,0.6672956556380791,0.73376511790682
2022-10-24,2265127.9288606886,0.458115775478513,0.7604420014989806
2022-10-25,2666165.9213758446,0.533465786628571,0.7821569666178707
2022-10-26,3557446.8643163648,0.7926986516965367,0.6929944435965653
2022-10-27,3001919.9249791177,0.8994771768734616,0.6825235206597909
2022-10-28,2880673.4382901764,0.7866732380982439,0.6927839304598125
2022-10-29,2939782.1529045193,0.8000605679451165,0.5980976890441381
2022-10-30,2079892.7021443895,0.9039193137375133,0.7294232820586862
2022-10-31,2699864.293502257,0.71348840795814,0.6405284244080676
2022-11-01,2764727.951508233,0.6010197399952726,0.46437056512391234
2022-11-02,3036288.2178734704,0.6372608785218122,0.7443828448976866
2022-11-03,3087516.811420617,0.8058644796530852,0.7114598234697936
2022-11-04,3461908.04763821,0.6843093552709723,0.6808156741740233
2022-11-05,2335585.4454936874,0.5609636217709685,0.39189642135147806
2022-11-06,2981156.3695978834,1.167422998611896,0.6160654677240874
2022-11-07,3236329.0786185483,0.8459084051308964,0.4874570419847967
2022-11-08,2294085.251394057,0.5486932823778649,0.6862465727678113
2022-11-09,3155314.083076482,1.1064454695223305,0.5156858765170125
2022-11-10,2467852.0548728006,0.5369446632944372,0.9637762676908948
2022-11-11,2781246.1790720928,0.7673170169124742,0.6326283829638831
2022-11-12,2970117.7391586048,0.8252653636661959,0.4728522773450635
2022-11-13,2808428.0595745053,0.9109888911276358,0.7471200569118788
2022-11-14,3524535.58358413,0.816204542142059,0.48743798302663255
2022-11-15,2941665.8143601776,0.651492106740112,0.4682320098780836
2022-11-16,2792289.4635465904,0.6615934129444685,0.5852618215456997
2022-11-17,4056375.409392474,0.9598034348929033,0.6554090533835871
2022-11-18,2862317.6961234356,0.6518270664577055,0.5179231254463112
2022-11-19,2568393.5279620136,0.672117830942303,0.6111888701504297
2022-11-20,2459244.306107959,0.5994662719221573,0.5585106869933104
2022-11-21,3244409.5879337043,0.7824706972484305,0.6215108406774854
2022-11-22,3662791.0730079883,0.9876294055407956,0.5826312519662669
2022-11-23,3356877.972094977,0.8373566872040775,0.513851426546515
2022-11-24,3893944.6365077943,0.928845867807554,0.6892839058545888
2022-11-25,3558053.520806519,0.866084368105003,0.6179972156297414
2022-11-26,2736974.7838251414,0.4374084644874339,0.6348618161981819
2022-11-27,2738179.735871673,0.6970472139343286,0.6100475133923607
2022-11-28,3573766.537713934,0.8969879710329507,0.6300264941935982
2022-11-29,3251872.0960566415,0.7789695507865749,0.4183454904853067
2022-11-30,3538376.251086462,0.9307576997246055,0.665804045792666
2022-12-01,3326739.9436834427,0.8376222136209627,0.653253222296401
2022-12-02,2798115.7313311473,0.8270351472522188,0.5955639376140847
2022-12-03,3181181.9909084495,0.7679103312601018,0.5350931122527728
2022-12-04,2745994.046865091,0.8531656887311051,0.6600748888558994
2022-12-05,3664861.941511965,0.830949139782576,0.7725527199780107
2022-12-06,3573377.343948388,1.0367523131499823,0.5803421369298948
2022-12-07,3691459.057641445,1.045677909161,0.5033237577295832
2022-12-08,3424267.663728882,0.9972790388284619,0.8178032061466572
2022-12-09,3498870.473698174,0.8976487557052325,0.5944635620972913
2022-12-10,3366117.3391581974,1.058035417504815,0.5468118403835726
2022-12-11,3214359.8119985284,1.2387239866952549,0.7432550045900217
2022-12-12,3038408.0914962264,0.5960999271244791,0.8565605744082818
2022-12-13,3700890.579965155,0.9010480515915524,0.8576869153984764
2022-12-14,3258983.2642626152,0.756976554669128,0.7016766685257917
2022-12-15,3183490.4976868723,0.8387808335643839,0.8522194397525263
2022-12-16,3803302.479612455,0.9103393206588574,0.7726345133397317
2022-12-17,2606555.9803339923,0.7210259969055386,0.6826999094525587
2022-12-18,2792523.324677576,0.9622094788521126,0.6235400964095751
2022-12-19,3715020.7742037056,0.8396474729560223,0.6988351313053659
2022-12-20,3993814.766131621,1.0788918142733865,0.7287790882270648
2022-12-21,4413937.183898081,0.9732177250641255,0.8308746403982817
2022-12-22,3334871.9874174786,0.803955154300436,0.9852026897146379
2022-12-23,3852181.9997233367,0.9592912191684274,0.8559027377332958
2022-12-24,2825765.18799226,0.8520151041781157,0.8921066875606585
2022-12-25,2464887.0811666846,0.5626340226386632,0.8076922374215897
2022-12-26,3863932.3182669496,1.039172761272147,0.7423338545022394
2022-12-27,3742977.9855757104,0.8229424376052651,0.6658931102706538
2022-12-28,3780431.106813555,1.204727086540156,0.8108506784586172
2022-12-29,3550944.9168429677,1.0284868690152216,0.7758680821345332
2022-12-30,3217826.5920790536,0.9201759420062474,0.8163583952532986
2022-12-31,3110268.146993893,0.9194094654475816,0.7930911284988911
2023-01-01,3366047.3379364247,1.2191296393051623,0.8048451833741864
2023-01-02,4021663.1820330876,1.1846832082498273,0.942269426674904
2023-01-03,3943125.6939998013,1.1652369935633742,0.907373697061284
2023-01-04,3961272.511965839,0.814963581917026,0.9095283858268228
2023-01-05,3537112.7715493604,0.7804949784347113,0.9681819553697583
2023-01-06,3990640.3525755056,0.8851330378509962,0.7110103632604327
2023-01-07,3009637.1741080065,0.8829083698074015,0.8301971883915056
2023-01-08,2752597.535312702,1.002343297754932,0.8278087486678125
2023-01-09,4222358.886591109,1.3847306133292003,0.9922671624632142
2023-01-10,4140192.3814662583,1.0279933352723123,0.7701304286310707
2023-01-11,3396793.7859865027,0.8681075979529445,0.9240397734215461
2023-01-12,3077127.965271675,0.8896023872092066,0.9947138190811984
2023-01-13,3830022.068333997,1.0694983685726327,0.8899966262536181
2023-01-14,3178694.3993010838,1.074740816591911,0.8741758965185701
2023-01-15,3516817.1023531645,1.18840768998135,0.828172702700277
2023-01-16,4232591.706623263,1.3132745774309222,0.89213532722304
2023-01-17,3519340.090952646,0.8123407039687496,0.8817231848581879
2023-01-18,3773635.1057863054,1.196419509608274,0.8458333911272612
2023-01-19,3586090.0740337335,1.1876814601816503,0.8225338859546881
2023-01-20,3795050.414086272,1.2360650283722423,0.8021729041046819
2023-01-21,2808822.324769951,0.8949460744774912,0.92691334499334
2023-01-22,2936079.03977906,1.2204875189958615,0.9987619173284176
2023-01-23,4260241.0360402195,1.1894406911329214,1.0018027932275277
2023-01-24,4755155.853016153,0.9285343852408636,0.8617488101025094
2023-01-25,3376487.049287924,0.9973579481293776,1.032525116873977
2023-01-26,3975761.0337255476,1.498926128327063,0.8224524822907023
2023-01-27,4838030.417412428,1.4570458669086999,0.9188904431189927
2023-01-28,2599093.923546141,0.7452665638183882,0.9327747516051291
2023-01-29,2956387.6753093232,1.0448777227162196,0.894269545639924
2023-01-30,3275718.3497116603,1.1025214576564026,1.0620602770762924
2023-01-31,3395810.2438475853,1.0769836949538094,0.9516463531320043
2023-02-01,3895845.407018513,1.1689044706945904,0.996948308479977
2023-02-02,4312349.437788516,1.1012889222746347,0.8875517616952427
2023-02-03,4166375.8069474637,1.1897862100885273,0.9620088637738412
2023-02-04,3006917.546378448,1.2250977835661512,0.9243041445759628
2023-02-05,2781048.1213840493,1.190412718457263,1.0503746334750534
2023-02-06,3760461.3104756232,1.1627258276452639,0.9659006385922706
2023-02-07,3938961.709560179,1.2580128557856496,1.0509994233399134
2023-02-08,4435712.431639694,1.4120405634490816,0.8618455898617514
2023-02-09,3800975.22710898,1.2141976091357174,0.9989030069621068
2023-02-10,3451440.00629984,0.8215785323997806,1.0525101548043139
2023-02-11,2813737.2293180116,1.0817326892377532,0.9703900224237784
2023-02-12,2873849.151272639,1.3048938182634269,1.1614092536986804
2023-02-13,4103174.0993000935,1.21661939017942,1.060732256556138
2023-02-14,4266874.709167684,1.182929644021811,0.8039058535231032
2023-02-15,3709280.4085620493,1.1023254532228632,1.0351127982838966
2023-02-16,3574914.2788317204,1.1411503601200543,1.025350650079834
2023-02-17,4210727.500786002,1.261414533204103,0.9220473619013255
2023-02-18,3036184.355724725,1.194052011804995,0.9843792413136001
2023-02-19,3205080.657296837,1.187690849738838,1.0129194130493973
2023-02-20,3991901.9028749885,1.3017005162578361,0.9897001555082786
2023-02-21,3573200.0078991354,0.9922604347254478,1.0234537072070955
2023-02-22,3624534.9481948754,1.2157871604506554,1.1034502589420776
2023-02-23,4117051.0315576796,1.263290318741689,1.0385603386190614
2023-02-24,3204760.417494376,1.02609719835166,1.127727034672742
2023-02-25,3053594.099572626,0.9973909095727396,1.1349221471774604
2023-02-26,2975505.4396974943,1.2072745692281364,0.8673210924125749
2023-02-27,4213219.888324346,1.5167460616628072,1.006871341452509
2023-02-28,4975673.404520758,1.4985976840345299,0.9813420329947186
2023-03-01,3554336.6481752484,0.8176252664552381,1.0036631717365863
2023-03-02,3335787.4394914787,1.0435790434147951,0.8884255654822983
2023-03-03,4230447.36430059,1.3413060446971852,0.7233294044144263
2023-03-04,3775911.2580561433,1.417231796253442,0.7821286192917059
2023-03-05,2885493.101602222,1.311288154538557,1.0034404850921643
2023-03-06,4160029.063282869,1.365938541512678,0.9322568642021
2023-03-07,4505336.55962697,1.4016065316479913,0.7372471377290466
2023-03-08,4223966.071197206,1.3041672104968587,0.8813638452739997
2023-03-09,3989786.8410468595,1.2953398025113037,1.1409127083922712
2023-03-10,4128838.735558962,1.1411044968210464,0.9100683296109974
2023-03-11,2814940.8938918132,1.2697974382427972,0.8507460777770555
2023-03-12,3039141.8809380676,1.1889619364743755,0.986411589806052
2023-03-13,3388828.6789712887,1.36220777687928,1.0031560595947369
2023-03-14,4065399.9102818565,1.2664955488707386,0.9322238086535456
2023-03-15,3973389.43241148,1.527655147531174,0.9433015476746269
2023-03-16,3187779.308239867,1.5113790260554525,0.9252297316600635
2023-03-17,3825472.972233338,1.5671247846241751,0.9719202768002573
2023-03-18,2952660.4292445728,1.2139390411393158,0.9430858323799823
2023-03-19,3125792.657899422,1.3859408136411233,1.0729870361168485
2023-03-20,3815414.030814889,1.0494912358401665,0.9617332271533316
2023-03-21,4297470.868559651,1.1683585224878708,1.0543523316643988
2023-03-22,4122475.989371173,1.2274330431401588,0.7689495061900189
2023-03-23,4287290.763361245,1.422648693715516,0.8627150043940597
2023-03-24,4941779.79415378,1.3633451486466457,0.8527199082325821
2023-03-25,3466448.257401313,1.4498558990637824,0.7770618762908071
2023-03-26,2897189.6209645476,1.2495141006728978,0.9182877980771691
2023-03-27,3333552.3118543564,1.285112152318226,0.8745872043240812
2023-03-28,4121762.321663243,1.619174655472526,0.8328937170349382
2023-03-29,4738074.003243369,1.4729379848494057,0.8003779924116314
2023-03-30,3723579.5256907875,1.3730066578779934,0.6657173507641766
2023-03-31,3975331.4901814926,1.417193967102031,0.6881973184336452
2023-04-01,3231369.9393307185,1.4907212024859071,0.881962009469715
2023-04-02,2997811.776597758,1.1978248391664232,0.9211661874964273
2023-04-03,3204440.8395272247,1.0367616102197288,1.022763317280039
2023-04-04,3940062.9606535137,1.4058396483438034,0.7332954508711709
2023-04-05,3827707.223374481,1.219922070912641,0.7153922320824383
2023-04-06,3626058.341098477,1.0797897778554921,0.8524055487514515
2023-04-07,4111523.7617496396,1.3491569601242857,0.6191331174146018
2023-04-08,3411533.3473800477,1.5443492719081962,0.8337442726574655
2023-04-09,3245040.7311372873,1.3439380668031546,0.7122187562038322
2023-04-10,3273779.5213705176,1.065814628066243,0.719355078837596
2023-04-11,3785331.202937513,1.4686764845270333,0.6791289710697163
2023-04-12,3656367.340934466,1.3691469272917702,0.8406940206837574
2023-04-13,4114025.175105167,1.3791426287377209,0.7464836070422979
2023-04-14,4446515.027486106,1.3167723957271562,0.6087530661294303
2023-04-15,3302473.335833588,1.328485607242427,0.7703731422498754
2023-04-16,3099714.4352122685,1.4164836892006842,0.6678774684693407
2023-04-17,3689063.4385357494,1.1843980735021935,0.6635049632095534
2023-04-18,3477155.1652633506,1.3493953781314527,0.7361988405945504
2023-04-19,4034231.5973224477,1.3909289445357769,0.6720900941725909
2023-04-20,3725896.4773378046,1.1689107590109435,0.5241568687897191
2023-04-21,3851621.0978696267,1.5775406609379883,0.7232972881400958
2023-04-22,3380394.9700205782,1.283884087480635,0.6883160886440578
2023-04-23,3123836.835117867,1.5144140049021027,0.6884466808588328
2023-04-24,3791370.6878344943,1.2914239447251363,0.5951685509618555
2023-04-25,3430188.332368272,0.9404524515147323,0.7279178300475998
2023-04-26,3945302.989802199,1.3106032844838431,0.5818198393636947
2023-04-27,3446579.1641027066,1.2235439969393627,0.7069690324010125
2023-04-28,3684590.7558919415,1.1513840732768486,0.614092599299437
2023-04-29,3775585.1851351056,1.5532910715354231,0.6453904590769366
2023-04-30,3607611.3145295316,1.4648345036319297,0.3836998875270791
2023-05-01,3679073.3952860576,1.4291830757075439,0.5177456032390402
2023-05-02,3668145.2030076203,1.1783327182032854,0.6563976022384469
2023-05-03,3761442.186954317,1.4567976166093308,0.6170979341952202
2023-05-04,2751071.5267647677,1.0030155014339446,0.6246242151886188
2023-05-05,2923726.8352087643,1.0774556575087275,0.7772647527327172
2023-05-06,2726975.836979035,1.1543258255396271,0.6994527138087441
2023-05-07,2589766.8523495505,1.0875278353834443,0.4214371106669418
2023-05-08,3298210.7221208955,1.2176189781203515,0.6435425404109387
2023-05-09,3970821.115039998,1.367050603946499,0.5925896618949368
2023-05-10,3211250.9793423936,1.1529415303104051,0.527529501035134
2023-05-11,3540214.70904505,1.3988987028931523,0.6780090432506525
2023-05-12,3227739.146655073,1.255616423831016,0.6530421728407843
2023-05-13,2556393.604735577,1.14396950149876,0.6238475033521141
2023-05-14,2833629.738315243,1.4497977771991521,0.46789175094032814
2023-05-15,3053911.452904621,1.4993331375129788,0.6640051967497026
2023-05-16,3674087.253038165,1.4146861493985239,0.7194670890159787
2023-05-17,3514006.9650350283,1.2748640062077856,0.6317288668277877
2023-05-18,3930449.90013554,1.3413472280192127,0.5966293826325978
2023-05-19,3357307.70035623,1.1773924964984888,0.571315234294824
2023-05-20,3352286.4993364387,1.4900352708296474,0.7108846986057311
2023-05-21,3087348.219936457,1.4363570581971632,0.6813535993790353
2023-05-22,3635687.452780007,1.3367336915581667,0.5682975510059047
2023-05-23,3326097.4542670166,1.4484504383947638,0.5670736563911829
2023-05-24,2856005.7375595574,1.037456331614128,0.6272580753566348
2023-05-25,3672855.904239483,1.4171452663226163,0.6517414218681832
2023-05-26,3486199.247121238,1.2841744633591767,0.6184882535710727
2023-05-27,2732330.630948196,1.278204580551581,0.6179344961674599
2023-05-28,3016548.082783964,1.181667657026026,0.7256613020399196
2023-05-29,3849465.045056462,1.075640488853618,0.4940065030999258
2023-05-30,3130174.1037858073,1.0568773350022256,0.42841805529032506
2023-05-31,2898879.8628415214,1.0625083318727007,0.7253839338497363
2023-06-01,3101397.4706155765,1.1680848159463977,0.6416956382276079
2023-06-02,3131528.702058924,1.0068322312397366,0.5362659527152422
2023-06-03,2411172.4191642418,1.154752210079619,0.6656350922715566
2023-06-04,2728632.5293515837,1.3516007810591675,0.5352030330558881
2023-06-05,2919010.5817497917,1.1690054048701692,0.48770370950321534
2023-06-06,2958322.3851892236,1.1512922971223043,0.6656320737025477
2023-06-07,2503663.4499809076,0.8293415688043171,0.7897658543525654
2023-06-08,3305220.1829474247,1.0899243653971273,0.6825455642434944
2023-06-09,2678513.3769606673,0.9974160424888177,0.5408805799471756
2023-06-10,2227309.4118986684,0.8276109045095394,0.5203637845852244
2023-06-11,2365158.7004044666,1.0968908080427264,0.5724333365584655
2023-06-12,2957928.4631161336,0.8825896971084188,0.7011060578504013
2023-06-13,2334216.046737974,0.8459669033796923,0.9145084527304431
2023-06-14,2855706.636854197,1.1047607245752025,0.7832825480652157
2023-06-15,2524943.156077428,0.9117786801554806,0.6450378584658218
2023-06-16,2657270.965365895,1.2452635984920248,0.7120875729434798
2023-06-17,2293150.1983303293,1.0569368877475451,0.6360296840428121
2023-06-18,2062881.9762707476,1.0095990127543384,0.8103125223458408
2023-06-19,2991291.081024695,1.252943110580863,0.7190974221323156
2023-06-20,2693984.105792281,1.0371125404731054,0.8753579186288155
2023-06-21,2982562.7906583766,1.2583089954517455,0.9159968014379072
2023-06-22,2707099.8644469166,1.0156224151805917,0.8394656322756386
2023-06-23,2486382.2714528954,0.8854423219918555,0.759913631285966
2023-06-24,2203653.5800100625,1.234212219992033,0.8468269594688183
2023-06-25,2387132.611965728,0.9821881062164297,0.6960044049015213
2023-06-26,2877178.6913283872,1.019073729644079,0.7212263841389261
2023-06-27,2888331.5487874397,1.0688457482678935,0.8718624311375831
2023-06-28,2500670.095083576,0.9384362533807031,0.7544676219878842
2023-06-29,2324012.69600762,0.9859195436013201,0.7680319240469131
2023-06-30,3175770.647617053,1.1725800839783818,0.7103483394422361
2023-07-01,2138402.9134832267,1.016546932231124,0.8461796726376786
2023-07-02,1857315.219654164,0.7719197174617761,0.9938127633584476
2023-07-03,2983737.748507337,1.1293855188111634,0.974217507714529
2023-07-04,2960601.659122806,1.2647272766936015,0.8394662080553553
2023-07-05,2367467.163161699,0.8938102909183919,0.8449795850222291
2023-07-06,2226897.0116565027,0.921479557079762,0.7578061368641097
2023-07-07,2458060.0892402995,1.078199951492327,0.9471451653250137
2023-07-08,1826736.1568522118,0.7350455829644347,0.7394437414227579
2023-07-09,1896048.4911126774,0.9040253197162164,0.7916291710996003
2023-07-10,2309353.329216869,1.1396152789069176,0.8849503264485802
2023-07-11,2653974.6055464596,0.9955523144619968,0.7481372432226396
2023-07-12,2211104.4184536994,0.9123059349488962,0.8413574529418921
2023-07-13,2271858.677089923,1.0434504111877692,0.8914244954211603
2023-07-14,2138265.038899911,0.9805132466146742,1.0360057380490248
2023-07-15,1551497.4101875436,0.6996437567705373,1.0809678316168685
2023-07-16,2028327.4216922505,0.8155286396127308,0.7660716836694255
2023-07-17,2189123.108666052,0.8531095980245138,1.0169478847815963
2023-07-18,2069360.0937668579,1.0913959672260585,0.8868553758141012
2023-07-19,2003161.030381051,1.1727657951605166,1.1739408678751262
2023-07-20,1865325.9373145427,0.9249030711417277,0.9559191304257251
2023-07-21,2233190.821847961,0.910688236008066,1.0263435031666555
2023-07-22,1729916.310996559,0.7130347964418524,0.9143832312860116
2023-07-23,1609754.4745483429,0.8781810914856705,1.0596518968136401
2023-07-24,2228291.501627377,1.0304410578705852,0.9852940508596028
2023-07-25,1861622.7699370724,0.8035888228029606,0.958199781738302
2023-07-26,2288163.170538826,1.319015682443567,1.0531366100056965
2023-07-27,2082663.0144167698,0.8536709428075725,0.947325348891495
2023-07-28,2556009.992755522,0.952013686960256,0.891180257846167
2023-07-29,1843925.148145654,1.0046406728659742,0.9647589200960948
2023-07-30,1796648.72243596,0.9423649334999212,1.046055823775593
2023-07-31,1971779.7625741041,0.8520328902038401,1.1247237572093987
2023-08-01,2266739.0581270754,1.005394363400707,0.9790596669927163
2023-08-02,2382140.7219270677,0.7149764107068663,0.9740105097875
2023-08-03,2079120.8005209167,1.0123441669958912,1.1437533336644152
2023-08-04,1975070.293737426,0.6317340290899389,1.017689238837965
2023-08-05,1861495.8143500173,1.0686885195930753,0.9983905822237329
2023-08-06,2050748.8020274225,0.736861732013835,0.8945649858934062
2023-08-07,2047672.9299074728,0.8911335906825092,0.9355592002857759
2023-08-08,2222795.1461120336,0.9064931712984226,0.9140513513379013
2023-08-09,1822723.1080148811,0.6551694096099352,1.0483651395452147
2023-08-10,2221648.182432028,0.943812198310459,1.064503036460847
2023-08-11,2187120.9646342667,0.7820424250054688,0.8543960310269345
2023-08-12,1739326.8869414376,0.8439110721187502,0.8794036540682069
2023-08-13,1852651.6646733498,0.8159963061337976,0.8807528200313081
2023-08-14,2354572.8830048,0.9379429629188152,1.249105794727835
2023-08-15,2421827.993850659,0.8168007861128851,0.9364895030728086
2023-08-16,2548519.183891063,0.8582020071408047,0.9709132545902587
2023-08-17,2418761.8102792534,0.8828974203677136,0.9418613014939555
2023-08-18,2688035.467012071,0.9841064190568782,1.0458428051586939
2023-08-19,1722278.8715654158,0.7313408691421114,0.9865300377116488
2023-08-20,1895802.6929619096,0.6527117722795017,1.144750045232329
2023-08-21,2105771.9586629826,0.7816668781000885,0.9040087151778589
2023-08-22,1944557.9449330915,0.5375197957346527,0.9678996467236427
2023-08-23,2331016.2893290464,0.7797752989778288,0.9194720054104717
2023-08-24,2007189.5602021448,0.8204873498321018,1.13286284008792
2023-08-25,2244883.7724773493,0.896551396945641,0.8538773355939266
2023-08-26,1685321.3682826501,0.6424962777709179,0.9710730983782386
2023-08-27,1752465.8213192027,0.8014170643486889,0.9494944065762322
2023-08-28,2303046.449178396,0.8067647728123131,0.9444188530471259
2023-08-29,2258949.2675024425,0.804347931932561,1.0823491196721209
2023-08-30,1983275.144855499,0.5718254178250906,1.0694216173206517
2023-08-31,2370583.7297740183,0.7611019055437359,0.925599888673844
2023-09-01,2413813.428669689,0.46110435207214134,0.625789598709351
2023-09-02,2024174.7463972194,0.8273756439722885,1.018032227073189
2023-09-03,2112782.0224950677,0.960589720786427,0.9493043979685
2023-09-04,2706578.9406889207,0.9497982626480121,0.9436246798802446
2023-09-05,2445863.02917208,0.8232530584640134,1.0733226831415117
2023-09-06,2472934.871914938,0.7846107822185802,0.9230823553847668
2023-09-07,2120401.2577865906,0.6502260841650712,1.1799781518753547
2023-09-08,2457510.6321727983,0.8866358211754892,0.8960555270016175
2023-09-09,1921443.733694604,0.5417299351311802,0.8898971100699167
2023-09-10,1737884.6118043433,0.44902016233200165,0.8860926200382313
2023-09-11,2387274.1857828014,0.8230787151082869,1.1037042315573193
2023-09-12,2508541.925686901,0.9960227822724959,0.957302908511433
2023-09-13,2235948.766538633,0.6742235552896021,0.9148496885032235
2023-09-14,2067401.3460402584,0.5840595931617385,0.906795166352696
2023-09-15,2652885.2642761874,0.9390006678137677,1.0135621234591006
2023-09-16,2002631.2443189824,0.6500016185766456,0.83328116703814
2023-09-17,2404663.2942754747,0.7458590748558798,0.8210066162324308
2023-09-18,1862117.667620126,0.5361124164314091,0.8538115257728217
2023-09-19,2537226.4516319884,0.9332595520921354,0.967678724345487
2023-09-20,3174499.8026598683,0.8291815622746829,0.8180483461821129
2023-09-21,2930341.7122724866,0.8964776195200935,0.9041837484381264
2023-09-22,2730222.9865178163,0.8518875944627105,0.8815226362281927
2023-09-23,2638302.8005667864,0.9912989993881178,0.793849293522603
2023-09-24,2109964.2433248004,0.6904250244582187,0.6825354423242901
2023-09-25,2620022.022576633,0.6123532372173338,0.8231891244145025
2023-09-26,2760867.333594151,0.6210047959146145,0.9006962688682941
2023-09-27,2197686.079141322,0.6219525017331374,1.0517930564981528
2023-09-28,2967916.3115453357,0.8121247753689546,0.8459432745828066
2023-09-29,2549680.266698657,0.8207894961750657,0.8419269481321209
2023-09-30,2739583.7745391033,0.9402303856553536,0.836146385522071
2023-10-01,2041623.6617549837,0.649509838646893,0.834161488849851
2023-10-02,2750907.3756731316,0.6437400884914132,0.7683326183579167
2023-10-03,2485856.800906969,0.3552740311301706,0.5956031508064661
2023-10-04,2482514.1323895147,0.5230881501264442,0.7733755622413746
2023-10-05,2653891.8241394907,0.7732265085093426,0.6460066864386592
2023-10-06,2411695.6926969793,0.5721883366293078,0.8328262843367392
2023-10-07,2002958.4693020754,0.5571309894514784,0.6886574462550187
2023-10-08,2184039.507525372,0.36345258000301245,0.6258414606232038
2023-10-09,3105629.500634762,0.7379124409917175,0.6048772387601336
2023-10-10,2748599.3878124757,0.7774947761306251,0.9162015274646447
2023-10-11,3047373.7194471294,0.687749579975655,0.6262682777896513
2023-10-12,2761385.8235714156,0.5724732749900365,0.7607520130594878
2023-10-13,2688265.685856887,0.7337263334122125,0.7335149731090589
2023-10-14,2262299.3434739234,0.6265329780322725,0.8321492131348487
2023-10-15,2714047.53982002,0.8767364143211726,0.6771759775605121
2023-10-16,2941803.2393796486,0.7115932752904173,0.8471862626860145
2023-10-17,3172236.9902580385,0.6848392719984903,0.5860291822190996
2023-10-18,2572889.103286494,0.6854344684871809,0.8856141444510975
2023-10-19,2690141.2270076727,0.6809251919464953,0.7732874386451425
2023-10-20,2646904.6567768445,0.6817687332957014,0.5328614374749866
2023-10-21,2647137.8735729796,0.8486416427705856,0.6463388392298678
2023-10-22,2310610.979829939,0.726313249652851,0.6646219729703101
2023-10-23,3118164.210823522,0.5837568556271062,0.6733461768427186
2023-10-24,3329939.372217025,0.772894908770766,0.4873180408539877
2023-10-25,3668194.875036519,0.708948766829663,0.5305207227409283
2023-10-26,3065222.567888266,0.6533588309754785,0.8041707728584646
2023-10-27,3283969.895058932,0.7392988277162967,0.553202627608581
2023-10-28,2794414.6752129537,0.7535405941596286,0.660087169541565
2023-10-29,3001893.250850003,0.8918902767335357,0.733203387884377
2023-10-30,3288021.187608361,0.9337299582794232,0.506228616919744
2023-10-31,3283460.0133829853,0.8948728376256364,0.8831550764232807
2023-11-01,3542357.2261800016,0.7796018242470112,0.6504772810944983
2023-11-02,2451062.29503008,0.5484371300592847,0.7656675980050978
2023-11-03,3339336.1025052434,0.8546394565461927,0.6542229902248585
2023-11-04,3150988.1314622657,1.0047713307870647,0.5866459482899006
2023-11-05,2921934.95100846,0.887696396350654,0.4994446808618307
2023-11-06,2759992.135046738,0.5582709015653076,0.5553581107409289
2023-11-07,3886048.6005985895,0.9330754671585755,0.48474921718839087
2023-11-08,3472695.2534866524,0.6308898510637133,0.7341566612345255
2023-11-09,3706207.533541333,0.7870009778858262,0.688078337456339
2023-11-10,3450065.8702771156,0.8245076405537202,0.5783521470134554
2023-11-11,3116813.578959483,0.8092309498660987,0.6671538998786218
2023-11-12,3045307.8871900984,0.7937874278429533,0.47090560755958777
2023-11-13,3058519.7832835065,0.5959884512979092,0.7783213499250631
2023-11-14,3605181.510312773,0.6729353134552492,0.6903048180288484
2023-11-15,3078163.752341659,0.5552070553909123,0.6452355630838349
2023-11-16,3531186.5945182177,0.9021368430579405,0.5430658387385685
2023-11-17,3246543.464994106,0.8029999412020355,0.6358144349425496
2023-11-18,3035780.8851032765,0.8826355064751203,0.641076316610725
2023-11-19,3120911.6962436554,0.8059206468254188,0.6673589193471294
2023-11-20,3857072.121837059,0.9535265538789062,0.6992571807821496
2023-11-21,4275856.8278207015,0.8810860635743902,0.5440084331039707
2023-11-22,3706255.2326976606,0.7919481246331653,0.5395432935125273
2023-11-23,4426307.837028251,0.9286654273760181,0.33438731708747615
2023-11-24,4208249.034575603,0.6404623132619016,0.5703216330252958
2023-11-25,2548670.9986896417,0.7026806342695671,0.8164843732426675
2023-11-26,2939269.932369987,0.6868559598268215,0.7427032071231232
2023-11-27,3842986.1941291746,0.8816537154735536,0.3750440974501618
2023-11-28,3991849.9757419922,0.7825308670861549,0.6012226884878357
2023-11-29,4113370.0622509653,0.7817247277354102,0.5840361497486238
2023-11-30,3797760.3703135047,0.5366229447969262,0.5677397819273459
2023-12-01,3044392.504295481,0.6330334926905377,0.615884341091929
2023-12-02,3686929.8214602866,1.1791852747662137,0.7006651728068467
2023-12-03,3256606.238643326,0.6177125542434263,0.6567101853393199
2023-12-04,3387434.1650727526,0.7503155512547129,0.5571187403559441
2023-12-05,3606493.2123895,0.8820263250284992,0.7709330579511584
2023-12-06,3236600.362142063,0.6347324298865159,0.6323571644364601
2023-12-07,3734774.677891635,0.950181917821507,0.6981673641800831
2023-12-08,4836138.421220073,1.1747046165700288,0.5990050119035595
2023-12-09,3448100.8323265947,0.7651311222093138,0.4608833935862343
2023-12-10,3112895.398643225,0.8963155760774015,0.6346868390160768
2023-12-11,3923285.664991332,0.8074004346958753,0.7169218535492696
2023-12-12,3832804.199545023,0.9596730451055764,0.7333784527052538
2023-12-13,3749227.4777622623,0.8617373171974572,0.8201213846559363
2023-12-14,4393047.929133114,0.8439364825833006,0.5568449027390476
2023-12-15,4077941.8728130874,0.856651157144918,0.7657006709671395
2023-12-16,3292629.6316845794,1.0313799728597532,0.5860671584684829
2023-12-17,2883263.9031776423,0.6680361970592008,0.7416578300583623
2023-12-18,3847708.36794607,0.728560627824063,0.7365172486869226
2023-12-19,4455925.610530414,0.848283366575262,0.5572422615206595
2023-12-20,4215473.4425705755,1.0700948167687692,0.7518128897257567
2023-12-21,3931171.868135731,0.8134744766785994,0.8541771550159615
2023-12-22,3247132.2623554906,0.6370192172275695,0.9130419709551336
2023-12-23,3068986.0722545143,0.8140801349463408,0.8227386727029663
2023-12-24,3211646.1633953894,0.929960924062875,0.8197266747056078
2023-12-25,3933192.2942523486,0.9283522980292479,0.704735656688851
2023-12-26,3742369.924076478,1.031848335247934,0.8377658735013781
2023-12-27,3672367.2893758607,0.8731012062800305,0.7646103100039743
2023-12-28,4918527.117957267,1.0724327110200185,0.8037042962503654
2023-12-29,4230208.064518883,1.1945395740033606,0.671021319127971
2023-12-30,3573674.4577895864,0.906307164563576,0.8815968595142052
2023-12-31,3358168.6587694227,0.9502890170429817,0.927072845236898
2024-01-01,3528257.723679642,0.8673319478390557,0.8108355572599418
2024-01-02,4574456.759898517,1.118090538057,0.7213437895130972
2024-01-03,3757937.4283823688,0.8529485905483765,0.8528389167496687
2024-01-04,4325101.41694457,0.9681230864532082,0.6407959529523432
2024-01-05,4068288.6495660967,0.947946478315151,0.794000980487843
2024-01-06,3978912.0971883084,1.1184347868033193,0.7222941855833482
2024-01-07,4081805.86185933,1.2585709241821832,0.6919356266744944
2024-01-08,4751502.034581528,1.205582922966754,0.9053548082898374
2024-01-09,4507410.906194802,1.0545327615151663,0.8963682121014672
2024-01-10,3809385.6564098964,0.9319547175325864,0.9427708796930374
2024-01-11,4695926.450424134,1.1416551660503158,0.7445984192854446
2024-01-12,3766777.530420968,0.7667013201041983,0.80269480865373
2024-01-13,3561545.795575911,1.0085659773442508,0.833180090556886
2024-01-14,3278392.901654071,1.0350244842941498,0.9495250691109235
2024-01-15,4062857.6781810625,0.829904149937502,1.0765802109043805
2024-01-16,4539494.9621574385,0.9633318092174007,0.7372525656560798
2024-01-17,4068934.2509309025,1.13550391721454,0.8750462794897794
2024-01-18,4814948.082742467,1.0256394079118603,0.9758999879991833
2024-01-19,5104604.140882174,1.0943926073229755,0.7954488463482116
2024-01-20,3912122.0631004707,1.2759213652675694,0.9683412856074309
2024-01-21,3778546.016916774,1.0392531234849207,0.9358562671386347
2024-01-22,4628002.431108893,1.3201405250189255,0.9709406465584184
2024-01-23,4561286.628021042,1.1633633256574458,0.9468602582516068
2024-01-24,4376825.6643150505,1.1914317136459405,0.9066355037040424
2024-01-25,4032967.202458471,1.0466284578609981,0.9491413764310747
2024-01-26,4344055.787041641,1.21476090253983,0.8863689668885281
2024-01-27,3444242.2321297335,1.1508158814774754,0.8431486304543502
2024-01-28,3085310.334118489,1.0604902266600538,0.8951656205381697
2024-01-29,4265642.299099348,1.2524122201723251,1.0168045802770735
2024-01-30,5531305.414523204,1.1700359421940094,0.9515772112174044
2024-01-31,4355621.7270509135,1.0877276222811663,0.9943583887536803
2024-02-01,4273306.069958496,1.2916101163866018,1.0253824025818756
2024-02-02,4545097.906624444,1.1068234865169686,0.9827115442366192
2024-02-03,3267059.256738966,1.2050872014948246,1.1537622561039658
2024-02-04,3688782.8083785847,1.1453137377000646,0.9059367040552627
2024-02-05,4036727.3537984155,1.1912150015220586,0.7361460656034482
2024-02-06,4339599.2710873615,1.1364152063552124,1.1691643764661617
2024-02-07,4799893.908557824,1.2599347515121004,0.7425810304980482
2024-02-08,4929774.8888028385,1.2677433514601035,0.9309858510582157
2024-02-09,4729037.65837238,1.105550857549963,0.9976235844553285
2024-02-10,3797233.2519253697,1.1101855146546982,1.0109444232623175
2024-02-11,3226465.079527569,1.034178795209022,1.0746845914579946
2024-02-12,3964416.051064378,1.0898201162815093,1.037623384552829
2024-02-13,5293309.075352877,1.391697829718582,0.8082435523153733
2024-02-14,3879605.9401570405,1.3531723951794725,1.0814564595639726
2024-02-15,4445388.124478589,1.0489231438977766,0.9352936860445171
2024-02-16,4731666.318005536,1.4990356047009146,0.9241768183392338
2024-02-17,2801041.5582115566,1.1349623311615014,1.0988276137632391
2024-02-18,3768031.1234870814,1.1532114998010596,1.0178479476419988
2024-02-19,3833641.8460851526,1.2996408795263727,1.0823772460629708
2024-02-20,4863822.61217554,1.2613359045330188,0.9677166868957766
2024-02-21,4103027.6039035046,1.0486597061718044,1.112195082778369
2024-02-22,4297551.816681148,1.0437096410658369,0.9465744988527707
2024-02-23,4397678.979190384,1.3312051096084832,0.9278666562648379
2024-02-24,3368820.69705845,1.236533938085798,0.9891985983655269
2024-02-25,3807095.630714342,1.4629245204343584,1.1424926365132533
2024-02-26,3785574.2316056145,1.088472062439773,1.0106811802260736
2024-02-27,4616581.199921297,1.2627913161681186,1.0216604543410894
2024-02-28,4045262.0861629974,1.2143004256921697,1.1485517354130526
2024-02-29,3670658.0214326303,0.8218692114171114,0.955038711421685
2024-03-01,3785176.0731246676,1.0407342447981418,1.132256836514982
2024-03-02,3701676.9764530226,1.2975172467901215,1.0480751932455097
2024-03-03,2976633.500989382,1.1997016329279555,0.9722224215636037
2024-03-04,4340419.116755107,1.4370068582064093,0.944573046389485
2024-03-05,5223552.886972823,1.4102032087684055,0.8811435390766393
2024-03-06,4104930.605604515,1.3003271977529276,1.075268548062971
2024-03-07,4502605.290238029,1.5019354198147115,0.969159586240693
2024-03-08,3893030.905261332,1.1306922121129181,1.0180412564197687
2024-03-09,3231396.2271342,1.3393266574045775,0.9287702359182403
2024-03-10,3431611.12685274,1.150623377199383,0.9582108831942788
2024-03-11,4428831.5019642785,1.2292720769796965,1.05880195537817
2024-03-12,4480192.862073879,1.4069254812282244,0.9495433977731627
2024-03-13,4706286.306918127,1.2131571633406941,0.8798805696558767
2024-03-14,4058549.9243033724,1.339086437609626,0.9429046909577639
2024-03-15,4790860.533992992,1.367184830711921,0.9187794789471788
2024-03-16,3926237.001275245,1.5525197084385007,0.8248113522035366
2024-03-17,3931062.191215589,1.3174515473152557,0.8405568047202355
2024-03-18,3840129.8958554505,1.3593629586944211,0.7514866961991281
2024-03-19,4567753.597567646,1.2508977225988673,0.8680332629681855
2024-03-20,4622457.5002010735,1.1623261918042973,0.7356135722213224
2024-03-21,4684872.638586321,1.354486137708883,0.9900925144112972
2024-03-22,5252810.343041189,1.4603615950953304,1.0097185630478789
2024-03-23,3213932.1988374447,1.2740154649747728,0.8777071890224681
2024-03-24,3887479.37606716,1.330959401934631,0.7194212940993187
2024-03-25,5209536.649414492,1.3998842777695377,0.7333869905342765
2024-03-26,3649758.595509926,1.2503317931957787,1.0024055762606687
2024-03-27,3959250.8979973085,1.3991589147662828,0.8028130439360237
2024-03-28,4455731.687566483,1.2083400499041894,0.6987155547136701
2024-03-29,4157071.5406701593,1.0663192619663482,0.6757500193691989
2024-03-30,3791709.0643961993,1.4303685605437013,0.7776174789457138
2024-03-31,3424954.6566443294,1.3762692314029872,0.8045566647093033
2024-04-01,4233020.225777553,1.4579830953396176,0.7249365357044992
2024-04-02,3547480.9802232226,1.1818480240550502,0.6725761868471232
2024-04-03,3584129.2369997464,1.0159802651173222,0.7695150950912547
2024-04-04,4089763.5267012827,1.5734098182468053,0.9598288874230467
2024-04-05,4159878.9758264814,1.2371922406238849,0.6548809716989212
2024-04-06,3528269.9628779064,1.4425570930330145,0.8613192701714044
2024-04-07,3487676.575327548,1.5639186121110016,0.6188931424490387
2024-04-08,3687632.3563855346,0.975340451847121,0.5263963063115574
2024-04-09,3180716.3432946526,1.217553528458728,0.638992591197525
2024-04-10,4142547.975191345,1.6462706627686035,0.8617071787620609
2024-04-11,4036727.6146306,1.1717018359236184,0.6955331241227988
2024-04-12,3854951.7909026695,1.1845265301503427,0.6651663084523483
2024-04-13,2754678.5511542945,0.9490783748132465,0.7422551638196828
2024-04-14,3823036.094580839,1.545151575975595,0.7591386822305128
2024-04-15,3781151.639604596,1.2342142495289874,0.5612050812212761
2024-04-16,4047907.0909174294,1.4244783710403701,0.7709959377399666
2024-04-17,3693479.181271091,1.363719675687977,0.791551164525286
2024-04-18,4132725.14260809,1.3039471353974337,0.7323223393792144
2024-04-19,4260019.8633549595,1.0794170779081844,0.6991870869129058
2024-04-20,3797964.14769911,1.5948478307360778,0.725787252083344
2024-04-21,2973490.280325156,1.2328192664181215,0.6500171367176696
2024-04-22,3756128.015139445,1.3345986369311786,0.7992120751444758
2024-04-23,4324205.624049074,1.1400374201847674,0.594631531188043
2024-04-24,3911815.757325653,1.3848413615730517,0.5511316665716663
2024-04-25,4161865.665551295,1.426265541940091,0.5900218444154304
2024-04-26,4014721.3779620742,1.125295031881709,0.6487016293796551
2024-04-27,2922119.332994088,1.1649444245527598,0.5518225472609156
2024-04-28,3743341.789785138,1.542787574347363,0.6320257279468551
2024-04-29,4234164.430576213,1.3218455837920484,0.6711745662027787
2024-04-30,3382091.21815895,1.2295740983663,0.6781314448951443
2024-05-01,3995948.5784696634,1.0579389110766706,0.7234470757062038
2024-05-02,4057433.358398956,1.1987094408280248,0.7028238174830108
2024-05-03,4178434.1235326077,1.2465218972628762,0.45640948599694353
2024-05-04,3212991.2971566794,1.1147140711263102,0.5818549148405572
2024-05-05,3639010.716117427,1.086688779402137,0.5859301240841391
2024-05-06,4618548.501448407,1.4838711418545827,0.5718213257339374
2024-05-07,4139313.676398144,1.2521432780332102,0.6658988202348365
2024-05-08,3821919.6037993333,1.2865319482034274,0.6294323271887247
2024-05-09,3134411.0310503957,1.0659265814787988,0.634378020056376
2024-05-10,3295920.3382521514,1.1091624856816036,0.48974223188352195
2024-05-11,3047623.082339087,1.3150988853573888,0.7706421229077209
2024-05-12,2762691.8871285566,1.2800031450444058,0.6240974060157589
2024-05-13,3657453.7295359704,0.9304454213940658,0.7985431160796534
2024-05-14,3949997.186838361,1.1170380172536556,0.5554645661013436
2024-05-15,3483219.4197635073,1.1230967567228123,0.6034544987708207
2024-05-16,4418863.524265786,1.5582930140149303,0.5163578004366657
2024-05-17,3789859.6393585633,1.386155612017078,0.6012626898968177
2024-05-18,2737748.8000618163,1.2387623206506178,0.6747650193756082
2024-05-19,3012918.4031693917,0.8617676928827323,0.7292258260429407
2024-05-20,3636171.0987858456,1.3556182923367552,0.6590080064735342
2024-05-21,3630112.589535321,1.2146481211509064,0.43394571529505277
2024-05-22,3481278.7818908705,1.3734587330054948,0.6138780588448886
2024-05-23,3267027.6844874173,1.0611927394241016,0.6841869343604127
2024-05-24,3762053.9499557884,1.4322264074050852,0.5610438864295403
2024-05-25,3049247.469287618,1.3466036680775488,0.6751673756948381
2024-05-26,2632270.320207625,0.8629220065830658,0.673182077428744
2024-05-27,3301243.353304665,1.2363070235683966,0.5877202214914691
2024-05-28,3155744.9725429458,0.9820448299501042,0.5107608065071371
2024-05-29,3054310.17447965,1.0071929589867912,0.6120287653136876
2024-05-30,3559786.5940467124,1.1086348205863532,0.36426825474764685
2024-05-31,3849140.0899168467,1.075924435252648,0.5239904804576638
2024-06-01,2581816.4729927904,1.2152714521219607,0.6661016415894455
2024-06-02,2817030.688367261,1.2006200810166099,0.6694846023408987
2024-06-03,3447319.0555364504,1.2831041841666375,0.7459276745320564
2024-06-04,2826865.8537971303,1.1289642013145658,0.5786194963339679
2024-06-05,3336651.2130697113,1.3214338021146412,0.6357259542548254
2024-06-06,2761289.937644896,1.0288114484717956,0.5447451675743662
2024-06-07,2901662.02077135,1.0311141573144083,0.5557103463972093
2024-06-08,2220858.791860234,0.9174758532461901,0.509875112004175
2024-06-09,2831994.238807872,1.0975281083812893,0.44923955213655253
2024-06-10,3322091.886984332,0.9594960365154779,0.4120863812602992
2024-06-11,3186244.9281035177,1.0853404541679188,0.5921359222076624
2024-06-12,2619251.492072565,1.008850853186623,0.6108955262804441
2024-06-13,3508661.337948588,1.2838670840480757,0.6647312685505973
2024-06-14,3214832.8922226797,0.9799072902444108,0.6259973084537243
2024-06-15,2136220.473251355,0.6471126630409942,0.6377226058386942
2024-06-16,2385512.521917842,0.9634945418946332,0.7010541760647692
2024-06-17,3319483.8517195005,1.5612008113363198,0.8040467395330371
2024-06-18,2902165.42169933,0.8507304190641336,0.6559068412387894
