user_id,group,checkout_seconds
907,treatment,21.3408801570422
298,control,78.00586242254171
1415,treatment,82.05711046585708
855,treatment,91.70243426462758
1619,treatment,26.39274985953586
757,control,58.146476523472955
364,control,162.58680809094432
214,control,154.7496864345165
756,control,66.69752581802344
831,treatment,54.11457186452928
590,control,147.6811751921237
391,control,75.40703421762575
908,treatment,59.55612363050695
36,control,45.42784386375327
212,control,86.24782770296336
783,control,66.7902272997578
35,control,97.36785612361376
1570,treatment,70.53278629131913
1660,treatment,39.32260548673015
1233,treatment,44.46125192142258
191,control,207.3404271412946
652,control,80.69919878495519
995,treatment,41.737648854347334
773,control,86.59598031333795
883,treatment,61.217667573984194
1747,treatment,73.24876396102366
1740,treatment,43.860087244275924
199,control,40.02136851558923
1391,treatment,231.85114231227166
417,control,58.74388738508882
1097,treatment,37.62673440039827
1117,treatment,102.8566350968721
630,control,38.49889727165058
859,treatment,213.63215318228035
1489,treatment,40.207477518461765
837,treatment,74.76669348297247
569,control,101.74319636568673
1345,treatment,44.924862171232874
1264,treatment,20.549672563927235
880,treatment,50.53079441948472
1409,treatment,55.30976332991389
232,control,43.75728086940284
997,treatment,40.45509243925748
766,control,44.96869195836148
785,control,46.27248142221971
1709,treatment,101.73746076702663
935,treatment,60.29642477334951
942,treatment,55.216914852819365
1307,treatment,45.897180480181675
1700,treatment,38.9636676217633
1457,treatment,46.062798153590286
588,control,79.39987768023528
528,control,81.87042176556787
106,control,1556.3308863089096
161,control,62.585270678637094
635,control,35.78994953720647
352,control,69.1212258924257
1084,treatment,104.32476927825472
445,control,84.4688255853324
842,treatment,183.9270203911589
1057,treatment,71.11522233808834
1393,treatment,45.12501921275747
108,control,102.66189156130999
1449,treatment,61.0069525626217
263,control,68.2779040520728
971,treatment,76.39888961794104
1294,treatment,197.12398356810172
1414,treatment,39.57993144027159
653,control,39.314711639807314
426,control,66.07380879327506
1651,treatment,49.94935131967286
310,control,31.510347258970395
893,treatment,41.90310587936246
1119,treatment,34.82948186637646
743,control,41.84848199092303
13,control,51.58055738639016
1643,treatment,31.120935632973865
829,treatment,60.83913364394202
1273,treatment,70.89044545013462
504,control,68.22350446644066
714,control,43.45122746402951
1209,treatment,81.17728914386703
1531,treatment,28.12455105915141
1401,treatment,55.87017524113952
1195,treatment,34.70126337805744
825,treatment,40.07854258544963
610,control,41.2316068594833
887,treatment,51.81627592315949
1405,treatment,51.47311504463817
1633,treatment,37.32587153467132
76,control,44.05488716571102
620,control,55.566334870559096
706,control,35.08435495812979
1578,treatment,77.38129232318448
533,control,25.490659898195748
1503,treatment,81.89698106277972
498,control,33.76414386676417
1703,treatment,45.95874340075913
1078,treatment,62.566461956682055
357,control,
1569,treatment,48.942985345772875
983,treatment,86.91322115041432
358,control,60.170790091911
680,control,114.48543195070937
1183,treatment,34.496509258488615
422,control,48.1343923765102
1359,treatment,57.21909856968386
1615,treatment,40.40667058025999
763,control,41.10262186347862
1760,treatment,49.4493783270453
84,control,56.27992354762524
1349,treatment,46.49504288879911
1582,treatment,61.44362133204245
794,control,31.60053561569722
637,control,59.062152352051974
515,control,42.43167763949645
1711,treatment,83.7821465998614
690,control,51.440148309045576
11,control,67.43634842624132
912,treatment,55.749999944688405
183,control,151.9595688658762
793,control,33.933638779451904
28,control,77.70659654204644
1575,treatment,56.647495327677014
1679,treatment,34.134346407491634
409,control,51.58825721271309
245,control,74.29303597646037
1289,treatment,42.87800992008876
1661,treatment,66.40943122607406
554,control,37.903663346855296
1429,treatment,89.80101614934895
97,control,36.347127230128976
1462,treatment,54.39940514981078
1162,treatment,105.12723289949145
1757,treatment,45.395559531066745
1109,treatment,29.21076793210748
1535,treatment,28.970014206142192
1744,treatment,33.556686762719124
524,control,40.525378047549424
189,control,
1270,treatment,78.296076058407
1438,treatment,74.40490601322259
1527,treatment,40.85719548733721
1194,treatment,104.00504526609717
359,control,57.88340167498785
578,control,90.71025600033299
1563,treatment,40.04381003654895
856,treatment,44.43413849143197
1553,treatment,55.39099383082924
185,control,51.954125554840886
1534,treatment,36.139204012751954
387,control,107.90186145703612
69,control,131.26549569163328
1706,treatment,53.10776407774228
1636,treatment,38.48180212567965
1337,treatment,65.72846027047075
584,control,104.70457460376664
147,control,47.28513237879459
55,control,37.679314762731785
179,control,100.17626021319104
1163,treatment,86.08211091390989
1378,treatment,104.48194617363735
918,treatment,44.779233592031275
1240,treatment,43.23822554952845
285,control,45.25131996157266
209,control,57.667376583526014
1696,treatment,66.03277126840553
219,control,78.78844771138459
384,control,75.81201868954881
99,control,103.81731833748984
370,control,87.80190369310257
1476,treatment,31.48697477255411
876,treatment,64.06269879807303
458,control,309.6927839907104
921,treatment,66.69070626722335
1095,treatment,70.38724202597228
326,control,57.955467740196106
1605,treatment,27.44065488604281
1100,treatment,37.5195890086364
1118,treatment,61.135244508046185
750,control,71.71438534300067
1387,treatment,95.41582023363613
414,control,164.72147071892036
1663,treatment,77.1551510198975
606,control,67.72730034964329
464,control,33.957496509276254
734,control,75.80441132783677
852,treatment,38.80298208414791
1148,treatment,160.66238905898214
1477,treatment,65.50408245183745
726,control,56.52127559644481
1256,treatment,211.48492665648195
16,control,65.87039162054263
292,control,63.47483777865283
246,control,69.70949694674935
1755,treatment,35.013151540619006
24,control,62.923428272411535
895,treatment,102.72933518275892
151,control,105.90942119944056
1479,treatment,74.8819217842679
1067,treatment,43.95176233843221
816,control,48.05988502399547
1311,treatment,45.29216712919421
1555,treatment,23.58701884771879
1411,treatment,60.33262053410434
195,control,27.42058126941295
1286,treatment,105.14176965091927
142,control,44.121334561666735
538,control,28.17602627340975
1094,treatment,49.38875074179731
1069,treatment,46.94723058081173
1672,treatment,52.58853280861191
1328,treatment,40.513863193848934
335,control,41.427507940035106
1510,treatment,42.84898923205093
899,treatment,149.22897799999416
636,control,22.67206232252111
322,control,71.33097609306122
1323,treatment,40.3576805203851
513,control,106.7566576590645
378,control,98.84119569221589
1589,treatment,27.80994983945108
477,control,47.411122265739635
582,control,86.60807021704532
119,control,22.49907626791196
1635,treatment,61.71810802943275
779,control,83.0228537319667
227,control,85.76117418141887
488,control,79.71722100827986
1621,treatment,106.2946279362729
107,control,81.17576736169765
315,control,44.48592532157268
75,control,40.205017060162334
1591,treatment,90.74588685415146
175,control,46.69907379031264
174,control,35.91091364152979
1085,treatment,53.072451056675014
1626,treatment,134.86143905346455
424,control,36.64971695330454
517,control,56.08249872224979
933,treatment,40.502522693672915
1516,treatment,27.56182559946394
1322,treatment,52.34900615672262
1602,treatment,42.54968238180305
1657,treatment,184.86712830732483
89,control,65.05897602489524
919,treatment,46.54520963650541
1170,treatment,84.70885191433679
664,control,60.325937521313314
688,control,108.32262523057477
823,treatment,
153,control,50.47830570357558
739,control,75.15754905841304
2,control,54.071682953171134
1165,treatment,56.14977517253569
334,control,32.50281913019606
208,control,74.08729749754563
80,control,62.05177380306349
1139,treatment,28.676459611667227
492,control,51.86110241852763
1054,treatment,86.48336245117781
467,control,61.38214240481142
1390,treatment,59.32489241276587
436,control,64.65974415977553
1612,treatment,20.85402715173237
506,control,60.926459621913175
1257,treatment,46.54584231900161
1685,treatment,53.341448071702224
103,control,71.18258509117817
541,control,
1722,treatment,50.725327415004095
198,control,55.549914978754586
1769,treatment,42.58116912833959
6,control,52.630339514302456
1143,treatment,84.79570150717578
1370,treatment,73.94624484237421
201,control,75.79821293483452
1506,treatment,298.99405712004483
73,control,79.63491614664875
440,control,146.4955118499138
1573,treatment,96.19827270315739
1104,treatment,54.25682422658766
1558,treatment,43.49649769972885
141,control,50.02464699971811
51,control,66.46815744944226
1734,treatment,91.07764637483568
23,control,65.81013704159916
1187,treatment,152.98940795823268
1572,treatment,60.0998174532483
1024,treatment,84.53170966618805
1196,treatment,66.99374533850443
790,control,72.91938678040117
1111,treatment,73.77242404198005
1745,treatment,21.611191944769654
628,control,34.30833566239381
571,control,94.84659349161441
1173,treatment,101.59420382816826
469,control,86.40078548165786
1096,treatment,75.48224022731173
344,control,40.07201700701293
128,control,163.55510446047515
732,control,42.31977285627264
1355,treatment,34.464443117408486
341,control,67.19695415997832
1026,treatment,86.7267262667043
366,control,27.96012614450421
123,control,108.1890512156581
776,control,44.226790716154895
545,control,73.09173722793756
526,control,41.26771850964455
442,control,45.099675746954034
347,control,46.96945280240628
1032,treatment,45.08539951131444
592,control,88.95696197829093
451,control,51.76244248529147
152,control,87.3010796451143
205,control,54.28767772729911
1403,treatment,70.11256848611933
712,control,61.13978516583099
117,control,85.21512005002619
494,control,51.63734016267446
913,treatment,
1181,treatment,97.83363900312331
1254,treatment,77.35095596312192
1377,treatment,45.55031109977819
768,control,56.10643989057398
939,treatment,68.90620209629569
722,control,
1763,treatment,35.14227036742636
1202,treatment,47.466302010771706
780,control,66.97396605343204
638,control,39.53029173390919
1174,treatment,49.16614229237717
203,control,60.62427873593048
759,control,271.87621190709484
618,control,63.43326529399511
1177,treatment,51.61759785328747
325,control,40.28555894076033
493,control,52.16532472755184
824,treatment,150.48950568411772
1009,treatment,65.15914658811978
481,control,74.69308042051655
346,control,41.184708963118894
363,control,59.38310211662136
998,treatment,97.10278786932345
670,control,106.57370477201525
1309,treatment,87.64851884721782
1034,treatment,38.14053295350027
821,treatment,65.4897380482912
1175,treatment,44.622587244334056
1040,treatment,63.44117119413509
1701,treatment,58.19218756974489
1043,treatment,48.30530309740161
163,control,128.61745528474955
289,control,49.01955610328879
88,control,41.23315019539674
1082,treatment,41.12170294872062
1185,treatment,112.8446667086792
1339,treatment,36.65773346128266
950,treatment,86.0445734905303
411,control,115.08378775566132
1002,treatment,
50,control,43.6688961017153
1773,treatment,107.84742730577875
67,control,60.65572040859427
562,control,52.84716637575044
644,control,50.59110501425585
408,control,64.33219064643022
516,control,91.47939808926735
519,control,25.769569638909996
1232,treatment,39.66509669136303
372,control,49.81708579408372
340,control,48.51452071617901
925,treatment,40.123851955667824
1585,treatment,43.915773079852336
791,control,655.735291450657
438,control,52.451931750377476
1427,treatment,42.89094531746911
1092,treatment,148.05377627352306
273,control,61.98971037426287
784,control,34.59365968945199
10,control,55.04621616198208
1720,treatment,38.58115446015133
1102,treatment,42.28750429043599
865,treatment,56.21184072681163
280,control,79.02008438236871
1648,treatment,47.704481861475216
1638,treatment,43.14580311513146
1767,treatment,45.843499205369795
1398,treatment,39.44450580285991
1552,treatment,98.48394703867108
718,control,46.64987915604508
148,control,
1388,treatment,108.49948899784376
1068,treatment,98.28429772226085
744,control,72.78778166016394
252,control,41.87106252527121
661,control,57.57101650440271
58,control,59.682548905522104
138,control,57.50305522462669
1000,treatment,48.342580749330594
1159,treatment,179.29580784163517
1604,treatment,56.32695145708008
332,control,51.29380956990076
548,control,44.89978556379655
268,control,91.50458112014448
1299,treatment,70.71703381242119
643,control,55.309477940004264
737,control,53.79598330580501
535,control,42.28225066404916
1192,treatment,55.452562240799665
703,control,50.029913956009885
1566,treatment,66.61534889073666
1748,treatment,75.76738038124601
1436,treatment,73.59768882170705
457,control,44.60199094709572
1625,treatment,46.82768982506338
1593,treatment,84.0872383776018
595,control,93.44085079463301
297,control,38.45272932795685
802,control,78.71694489615955
1300,treatment,31.56947377194149
165,control,60.34348623344687
976,treatment,50.45809474771729
980,treatment,137.34321272502825
810,control,88.75868592845814
146,control,48.76778768402959
648,control,36.88224956415661
200,control,57.42500893433804
818,control,87.94186975494017
1318,treatment,83.59530321772786
383,control,63.03222595872719
483,control,149.78678317775808
1315,treatment,60.82369094640117
600,control,102.99079172235705
834,treatment,62.965739619641035
1338,treatment,45.05210453377456
846,treatment,179.56482312951215
204,control,40.40154651892558
162,control,77.75568981983218
567,control,55.72810282895443
178,control,41.62835074395045
764,control,69.00253910479697
1463,treatment,42.579379509744086
1182,treatment,77.26389652344479
1036,treatment,32.04560329588841
792,control,59.413038195093065
330,control,115.79795140053879
1610,treatment,42.67728855466605
48,control,75.27725510286103
1567,treatment,57.290374062863364
71,control,71.06711210448299
240,control,52.80104921052663
1169,treatment,42.31446164289874
1613,treatment,79.56808017295408
1269,treatment,19.966688259678364
427,control,62.23984788760252
682,control,39.28637165349437
64,control,56.90507283155429
1474,treatment,51.91581799442743
1074,treatment,44.30442313120752
1087,treatment,43.70614086576728
1466,treatment,93.77528524051544
30,control,42.62133951492473
922,treatment,40.81310832114491
603,control,102.11504519993795
281,control,84.61612357760312
1093,treatment,191.71727004367244
770,control,35.465055766091524
596,control,43.26630572410408
1025,treatment,49.537323985159055
1077,treatment,36.75869974926494
1505,treatment,
1295,treatment,64.80513225537248
1772,treatment,20.95929551519324
999,treatment,39.685984182156695
521,control,99.0284826800414
1737,treatment,48.51757391148211
320,control,68.8122287143232
1425,treatment,114.08601905940405
1586,treatment,31.60559567174469
1759,treatment,49.3231099123113
8,control,62.31915215623625
1561,treatment,72.65126497434719
928,treatment,42.7150721131864
1583,treatment,46.92452382755877
1048,treatment,66.80974615004577
237,control,38.78906412720619
1488,treatment,73.0449707509521
1456,treatment,114.84319132170049
1704,treatment,45.92791835147269
1656,treatment,64.65515487142369
1577,treatment,62.75761023387196
22,control,55.90208519574453
1537,treatment,115.00152651067089
1035,treatment,42.05964573912842
675,control,46.6369874670452
507,control,105.32689323637635
811,control,40.1364200030952
1551,treatment,39.06900053865086
1267,treatment,66.19668577902607
264,control,116.67451044915137
126,control,87.0556039292268
1368,treatment,51.5299595674473
710,control,
1007,treatment,88.06552430199459
1124,treatment,60.863561217532734
1207,treatment,75.63466591636575
1015,treatment,48.55869891983515
1062,treatment,62.114899931764974
1246,treatment,65.52836639972888
894,treatment,29.04456057720073
1565,treatment,54.04282244505422
182,control,51.37212436155327
691,control,68.49250658291204
601,control,56.721565132105134
116,control,31.781209007185698
774,control,27.463149533882206
1439,treatment,49.508429975467436
542,control,72.84839668369118
1308,treatment,68.21721118547939
769,control,73.65944829505582
1021,treatment,137.63529450900333
1729,treatment,46.56944911306107
1417,treatment,32.011369572924195
1383,treatment,46.8212939601265
1138,treatment,68.09105747494205
1707,treatment,43.191823750861474
1682,treatment,52.933677809854046
627,control,30.591193879967104
21,control,70.12904175521426
1263,treatment,52.00638877335901
1225,treatment,52.57492167720479
926,treatment,51.684183080036256
65,control,63.31688546880606
1052,treatment,43.70751512779824
1112,treatment,59.086475014384234
905,treatment,72.26204159920019
1420,treatment,55.03037547522035
170,control,56.15018488189221
1275,treatment,39.85996126415058
1252,treatment,71.72124559268795
393,control,39.78010648992127
1218,treatment,99.8262049505416
1281,treatment,45.572043876840105
1255,treatment,67.04909172195158
1698,treatment,57.12175495152055
1719,treatment,61.17519305387003
797,control,53.074387937720395
746,control,68.54454378751849
109,control,41.40845536864829
1171,treatment,32.167542718139195
57,control,88.81743438122461
1490,treatment,40.353771193796845
1693,treatment,58.2554660130167
187,control,39.598974985908534
1282,treatment,72.72634120479879
679,control,39.62275974110098
1154,treatment,48.031501536061
248,control,107.199294706542
1765,treatment,83.69474453543484
228,control,110.84454450222813
392,control,75.91037547458328
833,treatment,66.9905363785235
1400,treatment,38.34115967278754
1238,treatment,60.93152097093505
892,treatment,76.60340467746468
761,control,46.6716582759158
920,treatment,67.60441503825867
386,control,47.25460409160841
1528,treatment,43.588255735888076
1379,treatment,48.91133097685552
1228,treatment,58.212378318796425
66,control,128.52317008880885
1431,treatment,29.026933302014683
1697,treatment,64.44378213036076
231,control,33.93768693486367
868,treatment,67.47917570444292
381,control,27.403613663050276
1304,treatment,43.95089676597514
177,control,
474,control,48.75671928969748
1193,treatment,63.21809654916496
1047,treatment,36.324438693841074
838,treatment,117.2263619578351
564,control,94.14838035573692
654,control,72.88750596325585
277,control,48.66586902699149
972,treatment,64.10831156556179
186,control,131.80434019581608
1261,treatment,27.963898609546938
1241,treatment,76.68728535366208
1288,treatment,54.137890460667705
496,control,38.219301518869784
1050,treatment,106.76514836731907
1201,treatment,79.57217776571147
697,control,47.241694080881565
1219,treatment,127.53057741514036
1557,treatment,69.80233068142043
573,control,35.499233479847916
70,control,41.25613939024245
704,control,58.54079162229334
1680,treatment,39.81497770444509
1303,treatment,128.6164211721104
885,treatment,90.96486731298394
1224,treatment,63.59936395079506
1157,treatment,28.23448960961704
1302,treatment,175.88098833048983
903,treatment,46.33754707940516
968,treatment,99.7617954311517
343,control,40.79546203009635
1186,treatment,37.13765807977233
580,control,53.85692631200698
1549,treatment,40.41669641562236
1031,treatment,47.7841347740896
975,treatment,33.559683353132634
1595,treatment,24.887401597607816
1071,treatment,24.37473852539567
851,treatment,43.47981926954952
1544,treatment,63.958048750644416
53,control,55.166599895056436
1116,treatment,55.55628215539424
593,control,56.9265230388988
190,control,34.68718207665453
1408,treatment,62.04907388823094
172,control,
419,control,57.821824031736064
1319,treatment,29.578596342796374
448,control,32.97820469450677
1509,treatment,149.6267441988103
812,control,38.35802576960711
1775,treatment,16.99696678640787
395,control,63.08099978813071
308,control,90.75461192702966
282,control,40.637462983087254
1761,treatment,50.0707066048482
634,control,55.67378811928834
553,control,108.46015053187745
1058,treatment,86.93641213394066
900,treatment,24.73477251063485
1539,treatment,56.20850552780847
435,control,82.58346404585511
110,control,64.48820016789293
456,control,69.35666939386556
463,control,55.732290843583506
558,control,67.99007702111896
717,control,84.37494860914562
176,control,90.5300826594486
1283,treatment,27.23385010154561
1406,treatment,69.02231112654722
1144,treatment,84.5040219391521
1099,treatment,43.07177369036293
1497,treatment,67.29665014633429
806,control,26.638771093729016
830,treatment,35.07991583867319
1363,treatment,37.565452045530854
304,control,61.154414958412964
1334,treatment,39.723091848212945
223,control,53.76981569593045
1756,treatment,79.23703547454673
1249,treatment,64.3096933649714
642,control,35.36666629112759
733,control,40.03546989010771
985,treatment,97.53116481508991
1608,treatment,49.75921297479175
1231,treatment,24.62071209588016
181,control,79.23236818004156
960,treatment,51.381830604985126
1536,treatment,99.35251930835359
52,control,109.58040541174422
1598,treatment,40.351872929167385
43,control,46.29666078646438
587,control,
820,control,49.67777768780069
1101,treatment,33.415190092328935
82,control,40.97270562763695
1230,treatment,39.85684950006521
1161,treatment,54.52738326227959
1351,treatment,42.656645364850014
536,control,47.21235606896327
1147,treatment,62.75145539558866
475,control,59.74908077330853
621,control,58.1617386693508
947,treatment,47.5499115410391
489,control,96.38746334162123
415,control,258.9868111336248
262,control,69.72475085477667
738,control,44.532897758086776
1718,treatment,53.62008157617111
1508,treatment,46.65952479992334
1156,treatment,58.05595263178156
1676,treatment,37.37194411816173
29,control,33.52030788180755
1435,treatment,60.18195447305803
38,control,83.74633680713498
1564,treatment,88.67012575004159
121,control,35.58398064057579
1723,treatment,64.67308694468215
98,control,69.2109508496195
5,control,75.95901862004047
959,treatment,70.91833669270135
461,control,50.50104291689935
466,control,83.61354330296732
238,control,130.6546503517411
1451,treatment,109.75731581971691
236,control,34.38015107386485
509,control,38.88317243198273
854,treatment,26.754343216647992
760,control,31.795547501336674
817,control,53.29154414411754
781,control,72.4877470736519
1180,treatment,50.83225390605414
45,control,42.64133250991119
1314,treatment,39.28081635009731
815,control,56.351151901955724
1624,treatment,20.108233808349596
244,control,88.96022964252039
565,control,84.23439766233716
1001,treatment,78.17095119114641
18,control,55.77242053265869
1728,treatment,114.92250564217906
1253,treatment,47.29146105811233
1330,treatment,41.32693485223241
388,control,41.61462134759318
1204,treatment,51.26167921981106
1684,treatment,32.5033084414068
1329,treatment,65.63235034199244
963,treatment,15.593305621279244
385,control,39.38027510944038
1486,treatment,230.64352840483824
1198,treatment,47.78350445040463
1666,treatment,42.525779250118525
17,control,36.75664086297135
970,treatment,73.05538933020686
1372,treatment,40.91992102271979
293,control,53.97316127250693
1646,treatment,29.884832552517
1350,treatment,72.9286790201279
555,control,52.06137385092666
115,control,177.43031099754307
1023,treatment,38.08739760385995
1397,treatment,32.14506330860788
462,control,48.96574917735919
1090,treatment,35.05833514194275
609,control,102.00746579239146
377,control,56.57426418204746
605,control,69.89951250101419
32,control,155.4421394791824
1517,treatment,100.78753807742108
1039,treatment,24.624071253891394
1404,treatment,88.39367600066598
485,control,43.18256610509788
418,control,65.66636919933093
95,control,39.89937012606277
1454,treatment,79.02022744368496
711,control,65.56868521387938
1070,treatment,30.83798458898658
622,control,76.92087780705967
1491,treatment,40.359930558373115
984,treatment,25.20747860482077
862,treatment,61.99684549696976
1166,treatment,41.810898534076244
1603,treatment,63.0411345728865
314,control,81.45277313210842
270,control,63.0908025334034
765,control,36.53803322358329
597,control,27.692832454254763
1298,treatment,50.30458770614177
1265,treatment,63.53278190938358
1753,treatment,87.5073710161457
476,control,52.921229531838094
1677,treatment,65.1414756045245
1472,treatment,130.35095735600473
1492,treatment,47.70783539999556
1108,treatment,106.2346426190141
512,control,86.200404166413
916,treatment,107.51383827445639
168,control,66.8025208532676
1468,treatment,82.30234373740231
695,control,116.01814106141632
96,control,24.206046523823346
1178,treatment,38.81869420300996
470,control,36.30282012860761
951,treatment,51.253852072224454
1018,treatment,30.493661254143397
224,control,69.74632183800509
130,control,35.1894759995155
159,control,103.7531673487221
367,control,57.94927206439043
1136,treatment,150.75945038398947
1699,treatment,53.12528023587038
1402,treatment,36.47905553523427
1485,treatment,94.09126498489277
1296,treatment,35.74414792681265
54,control,76.8712178480615
1028,treatment,67.48076807162636
1321,treatment,55.99433645624655
1305,treatment,20.144996335615634
1645,treatment,49.626006440389595
708,control,95.49037179834941
1076,treatment,63.10435116419605
1617,treatment,51.41358385058566
180,control,43.94328628218542
927,treatment,144.4302532398136
1467,treatment,47.855062777667506
491,control,101.63148511423483
271,control,55.89468145885509
7,control,42.134554188092764
86,control,88.50562621863808
169,control,66.31423478434418
988,treatment,
1203,treatment,36.55738912266495
1014,treatment,29.95258580341824
629,control,195.78102901796657
888,treatment,48.18677738295999
374,control,88.63385230143025
87,control,46.556120488299456
1107,treatment,48.161774292143576
272,control,75.42664269475452
1681,treatment,117.88142959838247
735,control,63.19968300622815
755,control,
1730,treatment,35.0049707425322
1216,treatment,34.322741910036854
1732,treatment,52.04318442993579
447,control,200.59866074784566
267,control,35.22571485674054
421,control,154.00436258178706
1005,treatment,42.2370414180787
982,treatment,74.9843377229479
420,control,110.3081535145478
1317,treatment,65.75531096990507
286,control,732.4861081996246
1545,treatment,122.69938603181879
798,control,57.36630395559975
1770,treatment,61.31265945296455
309,control,86.84803599327095
12,control,48.879296975565794
1128,treatment,59.58272085386551
723,control,77.58658755018153
1424,treatment,49.02555809114386
1762,treatment,60.715089531969134
1658,treatment,42.19937731153341
1407,treatment,44.22599708131238
1727,treatment,58.10594418271484
758,control,31.888945061564577
1106,treatment,48.00224770232171
1529,treatment,22.227643496063962
685,control,21.804861461247693
9,control,25.965237215131943
1432,treatment,55.15711978514098
716,control,49.60031503276578
803,control,30.382226223905835
1205,treatment,27.10826613958595
1179,treatment,75.33279635160257
879,treatment,60.83207866586162
402,control,48.06515974990468
1413,treatment,56.27923833707179
495,control,52.11552825639596
166,control,37.04249272595832
1642,treatment,70.85942112733674
1126,treatment,85.03221441900672
1426,treatment,43.013152562302864
254,control,46.58074468095815
570,control,57.178211458274816
1758,treatment,38.93971555974613
1089,treatment,40.97639088683288
581,control,59.558716801843275
1044,treatment,48.38979270268688
1580,treatment,56.88580492448029
863,treatment,21.29672466596546
1412,treatment,56.41933226300594
1199,treatment,49.48642741365217
640,control,66.75833698534993
1689,treatment,78.21323946236558
291,control,61.236417910596025
1122,treatment,48.769512010837104
243,control,34.409424342087796
944,treatment,158.87047892198666
323,control,36.686983943841255
259,control,77.29134507611006
1079,treatment,42.825656109756565
1501,treatment,42.75953383114318
46,control,63.3968784219832
37,control,61.01099942593701
1129,treatment,30.861514788911716
1430,treatment,57.815028734108985
845,treatment,33.73358443278281
667,control,104.84534485338567
1600,treatment,109.79175551140345
1206,treatment,57.340229706710126
1702,treatment,47.75079271390125
1137,treatment,59.02469827868519
397,control,36.45352664483392
102,control,44.66680379427569
122,control,44.05832024314153
479,control,108.56611470509641
221,control,78.04491534058691
646,control,41.129637321647174
1418,treatment,72.83953879206497
1594,treatment,76.1358593996935
355,control,42.880766723334226
279,control,104.4733412270753
434,control,66.11170005150473
904,treatment,32.545256969119635
1008,treatment,133.46413651103188
1639,treatment,42.05159492631538
295,control,75.48367598399635
249,control,62.94895819629171
1326,treatment,31.802366173975994
1367,treatment,77.18980348743912
1343,treatment,48.8476821827999
1724,treatment,675.0841754813636
902,treatment,91.1216511848768
996,treatment,45.757247901087275
416,control,45.480240451068184
1365,treatment,40.531921880304765
1016,treatment,102.06601735363445
1151,treatment,40.93374493194509
617,control,36.9388861481701
131,control,37.78851553348061
1013,treatment,151.0521890899688
826,treatment,88.39589423389641
1384,treatment,39.00917599894
941,treatment,38.45572874068851
822,treatment,22.28458976207436
953,treatment,97.39688483433159
520,control,42.222042313779404
1160,treatment,32.52617218216045
906,treatment,68.1725287719239
1640,treatment,29.87146096755607
840,treatment,93.54973937885484
1514,treatment,111.88391740925887
1189,treatment,79.91498597288873
144,control,41.95388114753693
353,control,38.50926431780576
1226,treatment,65.86768929985115
537,control,88.46957772940033
1498,treatment,36.16828571350309
651,control,31.328474887054902
964,treatment,126.79864087742976
1155,treatment,46.99061618534117
482,control,75.265172684551
1361,treatment,87.93368113994218
613,control,45.52676015990808
1172,treatment,118.29421045794011
1614,treatment,48.7470758246984
604,control,40.105858889146184
258,control,51.38051030822127
707,control,42.59490401509622
1210,treatment,72.26091085406823
345,control,74.86587898652495
1244,treatment,80.82062077518277
1251,treatment,38.30590180285336
1548,treatment,35.024084124613935
1649,treatment,49.15884904056227
698,control,133.28126553247972
1532,treatment,118.65293306193746
473,control,99.04815570662281
1686,treatment,120.94429073251234
1576,treatment,83.01207880745011
546,control,65.75389056882318
1153,treatment,40.59387689935506
452,control,85.5204883947757
27,control,39.834694452980564
1502,treatment,41.8352757364812
1443,treatment,68.06772720865952
687,control,37.72627894409795
1524,treatment,43.864455857101184
158,control,33.682650103102404
1559,treatment,97.00330245601957
78,control,151.99702852391567
413,control,63.754761364591715
692,control,36.92783117833155
500,control,60.33229633311745
1061,treatment,85.18722589869911
884,treatment,69.42414684311198
987,treatment,145.29678187125586
1630,treatment,32.898221428919584
1596,treatment,39.46594886753686
579,control,33.60366924721786
1694,treatment,49.226932300658774
742,control,111.29279638773593
1618,treatment,94.21106029767378
782,control,74.30948314116563
1020,treatment,49.63736068618561
283,control,199.11233895120677
365,control,65.2829891852317
788,control,33.71592106572284
909,treatment,78.51901731163206
1306,treatment,67.58298603977161
839,treatment,23.421990717492204
1459,treatment,42.477822224262724
39,control,75.7706898225755
1690,treatment,50.90099821050057
858,treatment,73.95677247441962
105,control,33.60602680369577
173,control,55.64178950039327
1381,treatment,49.35618546725993
747,control,35.236542085278955
910,treatment,65.66786069582788
1433,treatment,61.83765251077762
583,control,89.32977273682076
591,control,
633,control,85.48474570339187
857,treatment,151.74347966189586
932,treatment,54.74251630283346
608,control,53.29300392127361
1110,treatment,57.44636561193399
226,control,54.68414259308531
614,control,17.562930551897146
1268,treatment,56.81588676673545
867,treatment,44.131436456586975
1324,treatment,
966,treatment,26.372089928780138
1131,treatment,399.64281333496405
253,control,62.042858365410865
1629,treatment,37.029379185094
523,control,64.24675802620082
841,treatment,36.960249718331134
120,control,63.24091559562101
1313,treatment,43.44679817920571
269,control,65.4224728291667
354,control,39.793030274640465
740,control,72.37779387122903
809,control,73.50602390677676
705,control,27.85333241183625
1647,treatment,88.79723864342701
560,control,56.13659545414318
1515,treatment,59.80496826444747
807,control,36.47032516849125
915,treatment,73.76816516503064
1654,treatment,47.4661528604103
751,control,23.17745530972527
1540,treatment,30.97576043447061
669,control,62.390449298222556
872,treatment,27.296966360400273
1123,treatment,40.11405571502276
1746,treatment,60.827917106846996
396,control,43.744065154697175
1065,treatment,103.27360140776631
112,control,72.27904711160409
1320,treatment,79.80196112137801
1749,treatment,62.25589079038054
1274,treatment,40.49937420075749
1487,treatment,23.769712701616562
575,control,53.33254456269329
1344,treatment,43.367503562165666
40,control,49.229496941340976
556,control,
1455,treatment,35.36246612813873
819,control,81.7173651934613
90,control,40.42137453110373
965,treatment,98.98734312286366
133,control,101.79023426780633
1285,treatment,53.55869744169298
801,control,54.4383424131837
973,treatment,64.49383745615819
1507,treatment,66.52285809810091
255,control,74.04996988389335
527,control,32.41687149345126
1336,treatment,64.17957500860837
192,control,66.15280053506487
898,treatment,40.56929134918072
762,control,70.72050426850124
1292,treatment,103.32141224430217
288,control,63.10523007738749
1525,treatment,62.38576601157916
1678,treatment,47.840559150445294
369,control,72.6997335809901
1533,treatment,51.7323814092626
1073,treatment,133.71433084348752
371,control,32.74294808767687
1316,treatment,39.90398337416807
572,control,78.7104423669228
598,control,607.5280956240194
501,control,57.74202220385468
741,control,93.31815685715651
1348,treatment,212.5879159933879
568,control,52.51338753247664
645,control,48.904788789738895
725,control,51.06785900585799
1392,treatment,63.71728575763163
615,control,
1278,treatment,43.0687789676641
989,treatment,48.15888850590124
1601,treatment,46.737472737175096
242,control,73.76145811027382
1650,treatment,
468,control,31.91238526947494
132,control,32.38062496958208
696,control,217.35632641125255
1276,treatment,42.59259412562324
1127,treatment,52.4940096601103
233,control,77.40359996095069
1132,treatment,76.688482464801
771,control,39.18433414960383
1037,treatment,169.18111794105673
1421,treatment,860.4571973515236
1221,treatment,50.8679706786045
1419,treatment,45.97837179289436
532,control,25.354202884440443
150,control,30.038885350012823
547,control,56.926213837015716
215,control,58.457089657391755
1423,treatment,47.558310616181856
1022,treatment,36.20836389030268
1442,treatment,28.533055900291913
861,treatment,68.30991627784691
946,treatment,116.77817737720147
828,treatment,32.54735864514259
1245,treatment,23.143212719521127
1496,treatment,29.316438206390117
350,control,67.39488155484185
398,control,126.90506621167837
257,control,88.97189703382432
559,control,67.97332950277767
164,control,50.89582186269131
1736,treatment,51.76448098733416
328,control,56.37107946272772
81,control,55.08799891579202
382,control,41.10633367699148
534,control,97.18180606101464
1006,treatment,135.98804046217998
683,control,81.15329666036469
321,control,40.64061317244052
1742,treatment,102.94869939624873
1774,treatment,42.31417540983741
1235,treatment,31.728726836544272
1568,treatment,
948,treatment,51.79166963588563
616,control,72.6467914660656
543,control,90.73731218065383
778,control,53.347935490870455
1739,treatment,78.03141699510913
991,treatment,85.99955810561475
693,control,51.04256796348955
1410,treatment,72.19696664414282
1301,treatment,129.0394888290747
140,control,55.43342937426125
866,treatment,58.44365530643511
540,control,58.966744971156835
1260,treatment,40.25948680257506
1134,treatment,47.86213016636748
1754,treatment,76.46071870334637
889,treatment,84.93767288599162
472,control,70.7528813127872
1440,treatment,59.47704055436657
425,control,68.10205698759908
1653,treatment,53.859225446907864
724,control,41.869085267491805
1222,treatment,107.3076391423376
1450,treatment,80.6256327543684
1708,treatment,41.08065123247333
1731,treatment,32.18946499182991
222,control,66.75891841440831
1504,treatment,34.509636620029546
1738,treatment,39.315011674875784
1312,treatment,75.75396120749572
655,control,135.73163429431324
79,control,55.97279472801207
1017,treatment,38.852858590328744
454,control,35.984099651815036
1280,treatment,58.401968638569954
1556,treatment,96.5232093246457
62,control,51.33561011373143
423,control,46.66654644820533
589,control,45.72001779270367
1133,treatment,49.60527928062077
1469,treatment,71.62357088657224
1019,treatment,32.268342052119245
211,control,81.34879034182724
136,control,37.16823466481698
1167,treatment,88.87895760081767
665,control,64.76041207725356
156,control,90.21069120005875
1083,treatment,53.08545654212865
145,control,70.34878285827757
260,control,24.823121720073107
100,control,37.613466892508725
1475,treatment,88.83013874153762
490,control,48.82984299391708
499,control,72.75175694063519
1223,treatment,58.92441326944163
827,treatment,122.79019752705067
399,control,106.80343950901641
319,control,545.7468699509599
1103,treatment,38.26702664282563
877,treatment,63.90489479163739
649,control,54.635443439816974
307,control,26.990982001903095
689,control,44.652140281284574
1627,treatment,61.03268888440145
678,control,119.3870571876047
1056,treatment,37.54067225352205
129,control,27.40007447526395
284,control,40.71010847549498
486,control,84.2030802195068
886,treatment,43.581006958576204
1422,treatment,61.772201430655954
799,control,46.78775072150603
433,control,37.4717670598781
430,control,55.187352878668484
937,treatment,
969,treatment,120.43956659484998
1152,treatment,151.02745335939906
518,control,37.42513198086434
1385,treatment,
1461,treatment,111.03583048749192
956,treatment,86.01438948958273
1588,treatment,48.06292946016101
460,control,37.30690130993241
1520,treatment,48.62739937329105
641,control,98.83659741165765
42,control,62.460084092573325
992,treatment,100.32268292438032
1465,treatment,127.7032606487162
958,treatment,71.57013683126513
14,control,59.579769707902905
901,treatment,44.70237463742189
668,control,
193,control,56.56321915943949
118,control,52.90660124572769
91,control,44.518822103086954
63,control,70.85106682683862
1721,treatment,40.766862337149234
1064,treatment,74.8855955231587
529,control,210.4118949910004
256,control,
61,control,22.236226340495232
1560,treatment,98.0148791419644
278,control,49.61345880571258
455,control,86.1071227689032
317,control,76.6883943048463
324,control,46.358280573385954
787,control,62.985948691423864
514,control,91.13990207853877
1358,treatment,63.987352074456844
848,treatment,42.73893122738445
47,control,47.629694777046
331,control,50.86376764913943
1227,treatment,120.92137198824098
360,control,102.05370257215895
1197,treatment,45.70283214444818
1287,treatment,28.90334745894055
1482,treatment,48.53862705324533
1135,treatment,49.23799162795096
1750,treatment,52.085075480114135
684,control,39.976684164322144
986,treatment,40.406090806542856
1446,treatment,38.37848201247981
104,control,99.23339043197751
59,control,67.34089214248077
1346,treatment,101.56269154891588
1637,treatment,34.4796867748195
539,control,71.64164307254919
511,control,76.43674279941494
1371,treatment,47.41579135365225
1766,treatment,39.46896656072209
1258,treatment,40.377007354310386
1445,treatment,50.25084824373875
1291,treatment,38.41319678333389
1448,treatment,44.45798835717839
1717,treatment,56.680160235663934
1447,treatment,87.9502345066869
727,control,47.62765144173951
111,control,66.36442614770424
1325,treatment,68.94317353880736
441,control,167.05854790219763
1751,treatment,63.25829786185882
870,treatment,73.36279332733454
446,control,99.45687991757316
376,control,34.51791163292323
450,control,138.28508356695116
1,control,104.2549128039075
1150,treatment,83.93954435983756
318,control,46.298198465515846
1366,treatment,90.58410127533418
1399,treatment,166.13237626314998
940,treatment,71.86356419491698
247,control,42.86151164101976
974,treatment,37.15990384368998
362,control,51.876716460174
931,treatment,22.84968738937337
1145,treatment,113.51540982319501
480,control,60.982618021566
967,treatment,56.835394300752064
767,control,24.41235029762323
1623,treatment,51.89757229938698
789,control,78.8666402371224
1327,treatment,53.3087126539655
1341,treatment,49.94578774000491
1284,treatment,50.96108968581196
1692,treatment,39.98636945478654
1357,treatment,68.14360600302221
952,treatment,73.85292474919554
864,treatment,56.487313758953285
1522,treatment,
229,control,53.68982006590501
650,control,48.05501270112624
68,control,70.96537255835585
979,treatment,51.85129459239416
813,control,49.507768397362256
60,control,56.2814317451961
1247,treatment,72.31724725080463
1655,treatment,39.65610471094188
1259,treatment,44.74541450887451
631,control,69.30877688235782
338,control,91.32150164540252
389,control,47.57956251094188
3,control,23.326091432054266
957,treatment,27.050435637595996
936,treatment,68.69293257043348
586,control,77.5752877454651
428,control,89.97389634337118
299,control,50.4514956837578
85,control,81.8835217998836
508,control,23.71479484819523
312,control,104.33973749430751
1725,treatment,56.83742040662647
1542,treatment,89.37751064443785
135,control,74.3297862911972
1538,treatment,31.10141008528537
938,treatment,54.2307264441701
552,control,117.95683459857038
1764,treatment,55.24833732977645
1208,treatment,31.702285332070293
1695,treatment,102.25623559338584
891,treatment,40.0921656419366
1272,treatment,106.58366395956051
125,control,66.14298668122699
700,control,81.34016874784845
1250,treatment,72.88967170856891
777,control,47.325274029190076
505,control,79.83876420333196
850,treatment,65.26440192171198
403,control,69.34011734311308
1428,treatment,55.25640170145528
1494,treatment,80.29252968616429
484,control,90.73029271119567
114,control,67.41079455852056
329,control,56.36622674709311
749,control,35.961462461023565
1142,treatment,48.8313044220171
197,control,79.22522546213206
1611,treatment,74.76829681325887
1437,treatment,26.903310517077465
1550,treatment,61.37724573501682
557,control,28.412610209646523
1237,treatment,
213,control,61.69761911249988
1331,treatment,67.49827213679474
218,control,54.32905156505277
1374,treatment,34.79180940805525
1091,treatment,52.60685051332294
585,control,49.70200133910106
1587,treatment,86.40703645814122
1266,treatment,76.84496501768353
1453,treatment,36.98952560135277
1168,treatment,101.2703183491701
373,control,57.04646847944269
1373,treatment,89.45847295038917
775,control,111.40936373254414
911,treatment,30.1716311656471
660,control,
339,control,41.09721694475042
101,control,45.338991851840554
804,control,55.82884863149677
599,control,43.810263200177786
666,control,51.12242132361685
217,control,46.46817843313669
721,control,28.214220461734456
124,control,67.33918549108587
1340,treatment,57.366253236307095
626,control,57.6032635213758
1726,treatment,33.470341639871414
1279,treatment,61.01120951640631
1471,treatment,82.53396664705889
632,control,75.41492192343188
1242,treatment,106.7027336845992
471,control,58.732739477918194
1098,treatment,67.38668928509374
410,control,77.08929152719458
1121,treatment,48.700568527452766
196,control,52.01185834667386
1715,treatment,72.07476743709947
623,control,43.660490196028476
1066,treatment,46.85484809267444
1743,treatment,47.63365093594079
1360,treatment,62.64836816869937
431,control,59.36768901101942
276,control,35.70308177970645
1262,treatment,44.48277562470243
657,control,119.20937719158466
1382,treatment,34.02560043113359
143,control,38.06280944800601
1030,treatment,27.37716197284196
348,control,36.06920561542891
1310,treatment,79.66407219890348
531,control,37.115177808491374
1518,treatment,59.619734105734395
977,treatment,57.064459235028465
1029,treatment,35.00827566846234
1768,treatment,60.85549607626597
978,treatment,34.085101764302074
167,control,60.229185319097084
1213,treatment,136.8127765918457
302,control,51.10541254477368
1380,treatment,40.18719645612241
1271,treatment,47.57662357141327
502,control,78.61159544852606
137,control,33.728246918959435
1333,treatment,34.83944000644827
611,control,39.9532398141806
1038,treatment,46.23514411959829
1579,treatment,43.43266836624056
1458,treatment,44.25704182790549
897,treatment,56.164072351976834
184,control,70.6996287446891
1513,treatment,46.532255335186115
730,control,42.90492241697286
1389,treatment,26.176786453174948
379,control,61.590212388582465
149,control,88.5670239530211
1217,treatment,183.8581370863143
313,control,50.4358920692885
154,control,258.0047939967811
1441,treatment,163.38465216991713
1480,treatment,31.95106109153225
234,control,40.99615098024799
1547,treatment,22.538909582656036
250,control,38.55869225778764
993,treatment,39.78053540696258
294,control,24.73441032050293
525,control,75.57424506752392
33,control,55.46790607991886
465,control,67.09419720997803
266,control,52.091035309338864
709,control,54.29672678644612
1075,treatment,67.61449103533563
625,control,118.70593802558312
674,control,55.458521494749775
1033,treatment,61.37408346375113
1184,treatment,50.28563087744311
241,control,49.86790532577084
1683,treatment,79.09830063757154
1434,treatment,33.91087301415733
849,treatment,84.50751613988568
1332,treatment,59.72525148915504
607,control,114.55581308939558
20,control,52.91466266382815
400,control,30.648305709967445
923,treatment,
853,treatment,64.29644775718063
544,control,51.97882610894389
1342,treatment,94.65052903466547
832,treatment,44.833608129354246
713,control,44.68039525814766
1012,treatment,30.9576661765849
843,treatment,112.1309820446711
188,control,56.78083498591851
844,treatment,100.96166159003282
303,control,79.81554615418993
699,control,38.248925578535065
275,control,41.47391905778584
235,control,97.0141930634636
1214,treatment,71.13560812316008
1634,treatment,79.83249908924178
1741,treatment,55.162467750941744
1616,treatment,85.13478220829559
93,control,67.77566117087521
1130,treatment,47.16883960022837
949,treatment,121.902352828569
139,control,132.6979682305765
981,treatment,49.12016626913223
1115,treatment,50.781267996679894
225,control,38.57362676461483
808,control,51.86544513857179
1011,treatment,28.491719182100276
459,control,59.19581440639101
1060,treatment,55.619773564389924
1364,treatment,134.2907764048829
171,control,66.17437283179753
882,treatment,23.064402464129007
566,control,74.11853109390316
1356,treatment,42.566474326631074
401,control,29.342042172337745
220,control,45.52715551104904
1452,treatment,153.79298137561764
1146,treatment,31.671351126325717
1416,treatment,44.561739505349244
1665,treatment,34.55984351035733
796,control,122.48679930324073
681,control,
49,control,43.95758754701305
449,control,53.103041886166444
563,control,83.19765400662106
701,control,22.880234192465974
1526,treatment,58.58137457370842
612,control,64.94681748456101
510,control,159.58708463444503
1088,treatment,
1521,treatment,68.57366342407688
574,control,42.065491724915056
1125,treatment,
1607,treatment,44.4276726729912
134,control,51.4469463133746
694,control,82.27157532071587
1673,treatment,62.533602459856425
576,control,122.24894788505313
1671,treatment,62.64704230855667
74,control,71.29401485097198
261,control,40.23106324509387
210,control,59.04795642357654
1086,treatment,62.237698621161414
1571,treatment,96.56713134646905
814,control,39.247602309518435
487,control,94.12479036490305
1248,treatment,57.198969004548935
1464,treatment,97.22464601931816
1712,treatment,62.45361825701954
954,treatment,98.27160724947299
736,control,77.18142366814361
1004,treatment,80.56893083210218
478,control,127.86010553761061
1705,treatment,34.31353986492958
1470,treatment,37.23862440714113
1063,treatment,33.61667637822865
1495,treatment,55.771271007731826
1354,treatment,53.89406587787026
31,control,45.162388016424885
26,control,55.755964825777596
1546,treatment,64.01274376314171
1010,treatment,134.65545801261334
1632,treatment,55.641994653169824
752,control,76.90283066469574
1714,treatment,55.32213557828526
1395,treatment,70.700215517436
873,treatment,89.70434086791414
1620,treatment,79.98456590097912
1297,treatment,88.76706508619951
1444,treatment,94.33779697176097
1667,treatment,79.83687333581955
890,treatment,55.40382893588364
216,control,68.47611127432992
390,control,55.74454474138145
836,treatment,54.53714293066971
1622,treatment,41.5925973102643
934,treatment,131.70091199608765
594,control,75.87140500447165
230,control,98.12850746959528
94,control,119.25989947706226
772,control,66.0834961568182
1599,treatment,59.521592717585904
658,control,43.54756261450203
656,control,48.7005148183021
1597,treatment,75.044260995515
333,control,71.822003628916
639,control,58.908640822458665
1752,treatment,39.61786254993278
404,control,42.19889349711729
875,treatment,42.68831503410012
407,control,188.21733391484807
251,control,469.2388619098005
15,control,33.21456820067714
497,control,55.01454860425502
1059,treatment,52.421518402973774
375,control,114.80004563079335
914,treatment,49.56828578335568
316,control,69.19290343763349
1662,treatment,58.6871404376327
945,treatment,56.19031212019176
239,control,64.15156831935793
1628,treatment,43.42810040980964
1113,treatment,96.8645436577992
1652,treatment,57.2225157965792
550,control,40.60534774242081
1664,treatment,55.1764155537547
207,control,43.69680506037478
786,control,41.583996057092435
673,control,39.074672903966096
731,control,48.3295492488702
869,treatment,39.00199669829468
1669,treatment,31.713940265280122
1584,treatment,106.44638822452329
1055,treatment,72.26482959685775
1375,treatment,66.22075982948473
745,control,103.09410253243458
1523,treatment,45.46416599790021
1120,treatment,45.151114958847884
1220,treatment,93.05614004828068
1353,treatment,54.39492374545831
41,control,36.21906020063779
1674,treatment,80.36780275021417
77,control,73.34317324578791
924,treatment,69.4832478590432
1369,treatment,52.13616438819155
753,control,48.268416871232176
1581,treatment,58.585079376308165
1394,treatment,33.84376705818433
896,treatment,31.561572578009805
1483,treatment,60.982842462185225
1562,treatment,33.490927294503926
929,treatment,47.554066949233444
1710,treatment,102.78391725703929
113,control,82.84874083649146
1512,treatment,36.56320635255238
943,treatment,38.789484058846476
800,control,49.40702580193499
25,control,77.72490629021708
1293,treatment,58.82049453941983
671,control,73.25771535512625
4,control,34.527433943269166
394,control,49.4094973388159
1609,treatment,29.21386867048583
1072,treatment,62.432673972827416
715,control,39.89591566308506
83,control,130.40746976928034
1114,treatment,58.66239434736538
274,control,68.71668313239014
1481,treatment,41.761946242314345
44,control,61.934418612676126
1541,treatment,48.170148579680564
1511,treatment,39.9643715361756
881,treatment,56.73608721839385
1484,treatment,86.63820294297514
1236,treatment,103.74398398858808
444,control,47.92109535161794
336,control,73.51624853324275
955,treatment,84.27166844994524
1668,treatment,106.24703976914913
1042,treatment,49.74768248135047
300,control,41.54060165802679
1290,treatment,70.09551119617248
1158,treatment,40.78712840064507
1376,treatment,43.018662076702526
1027,treatment,33.777568450337355
1080,treatment,52.99201971864892
406,control,33.10253704149403
380,control,52.114671811251654
368,control,
871,treatment,47.05431334879414
1500,treatment,84.53161424136147
917,treatment,666.6591606104982
1687,treatment,68.36358388484912
1519,treatment,45.46790494484742
453,control,30.63816544981995
1460,treatment,196.0562307072314
1140,treatment,45.24718797971397
1590,treatment,55.659548210072046
686,control,184.77372480379498
1049,treatment,67.08480524376108
662,control,99.17235411259112
1691,treatment,36.450823694407404
337,control,57.30429779617301
728,control,45.666169071814
702,control,48.49735438019088
1212,treatment,47.08734441897862
1493,treatment,38.12683213793217
356,control,71.70475578334388
930,treatment,42.9886181114286
1243,treatment,39.02999417066191
290,control,56.806681711923666
306,control,112.90417090198675
1716,treatment,40.86326183589271
672,control,84.09666386925524
1215,treatment,20.365026026186346
1530,treatment,48.39964256197143
443,control,80.45401677445773
990,treatment,94.70320056150031
1362,treatment,76.49986581488226
1733,treatment,53.354964044234244
287,control,63.67983542896591
1229,treatment,53.67969477378179
503,control,28.061863302065714
127,control,142.0564851569654
1675,treatment,49.06156606985319
1631,treatment,73.03141608205438
847,treatment,68.78092388721197
1041,treatment,44.5939275877321
1543,treatment,67.90838875046919
206,control,84.92546535032614
561,control,57.085271542182944
1277,treatment,103.54666398012107
720,control,63.75703816124026
1644,treatment,159.86457583934643
1473,treatment,34.81724894026572
1149,treatment,89.72487780310318
1771,treatment,133.76767044283022
1641,treatment,62.44667112372189
1081,treatment,55.83366927027462
301,control,
72,control,73.19054827873298
1688,treatment,32.71291762643328
1554,treatment,71.11188417658785
19,control,36.686545014252346
1347,treatment,61.202948877440924
349,control,67.09488254515018
437,control,27.631053005399707
663,control,79.55576127350638
619,control,88.91923639777838
961,treatment,56.69715021719142
1190,treatment,20.44906811160786
729,control,46.109095115497745
835,treatment,45.970158318289485
647,control,45.770980991553316
677,control,61.6601152530965
530,control,117.14718220936389
624,control,70.37611633215104
351,control,69.18640845780526
311,control,61.97749733498932
439,control,101.93633340127344
551,control,98.55727428628857
1574,treatment,49.04191372339782
305,control,53.7656782480069
878,treatment,51.4104329069657
265,control,84.82183208125585
1670,treatment,
1045,treatment,80.76805606996457
296,control,217.30338483853473
602,control,46.941043389666255
1105,treatment,17.72401642017251
1046,treatment,93.09908742946156
1352,treatment,55.0544384474759
549,control,66.9472292590894
874,treatment,27.699879138899398
412,control,64.18135591051855
1239,treatment,141.3240399938507
795,control,41.94791690551625
56,control,54.80132176266256
748,control,87.40363145562677
1396,treatment,50.816068469512516
1592,treatment,44.103744816434194
1478,treatment,52.51301946373905
194,control,71.86063062591651
361,control,65.76907620845184
155,control,
1386,treatment,172.6016845743394
429,control,40.78856643198755
1713,treatment,47.44972578561178
327,control,78.73579983667535
860,treatment,134.23697344885136
1164,treatment,60.34436773269703
405,control,54.98379185615297
805,control,72.03004908043741
1176,treatment,34.34822133742987
160,control,91.28286278440184
1003,treatment,70.50830135595011
1191,treatment,101.0271604824041
1335,treatment,115.61162606794707
1211,treatment,62.374409078400205
719,control,121.59495854468662
994,treatment,30.530911107693207
1141,treatment,39.77792877992354
342,control,48.75754204172263
157,control,54.91512175904509
1234,treatment,31.823269057605575
522,control,57.533025678741716
1499,treatment,30.47900805408351
676,control,80.96150468088868
1188,treatment,63.220355386776696
34,control,61.871562635767205
1051,treatment,117.33529901498012
1200,treatment,27.25797634567127
659,control,42.39758263343459
1735,treatment,71.74744727985316
92,control,30.41670828704988
1606,treatment,49.646968009464935
1659,treatment,
577,control,36.88324885540575
754,control,85.98141332884252
1053,treatment,49.99181574075535
432,control,33.01240391148084
202,control,57.669388236915935
962,treatment,96.51907892499253
